,bin
2011-08-02 06:46:46.576,1
2011-08-02 12:27:07.195,0
2011-08-02 13:44:01.353,1
2011-08-02 15:02:12.277,1
2011-08-02 16:48:53.474,1
2011-08-02 17:57:51.964,1
2011-08-02 19:42:30.586,1
2011-08-03 01:53:52.265,1
2011-08-03 08:02:36.120,1
2011-08-03 13:47:59.230,1
2011-08-03 14:23:36.205,1
2011-08-03 14:37:04.871,0
2011-08-03 14:56:24.514,0
2011-08-03 15:17:23.195,1
2011-08-03 16:09:04.166,0
2011-08-03 17:35:51.773,1
2011-08-03 19:23:40.231,0
2011-08-04 01:57:00.466,0
2011-08-04 09:08:28.542,0
2011-08-04 10:27:24.326,0
2011-08-04 12:29:39.619,0
2011-08-04 13:48:11.410,1
2011-08-04 14:45:47.218,1
2011-08-04 15:27:00.898,1
2011-08-04 15:48:15.860,1
2011-08-04 16:14:47.164,1
2011-08-04 17:45:15.404,1
2011-08-04 18:19:18.324,1
2011-08-04 18:36:49.552,1
2011-08-04 19:26:07.993,1
2011-08-04 19:44:06.743,1
2011-08-04 20:01:48.966,1
2011-08-04 22:01:00.701,1
2011-08-05 06:36:24.009,1
2011-08-05 07:37:13.880,1
2011-08-05 08:31:30.648,1
2011-08-05 11:59:45.661,1
2011-08-05 12:30:19.803,1
2011-08-05 12:34:46.722,1
2011-08-05 13:24:18.074,1
2011-08-05 13:43:35.973,0
2011-08-05 13:51:55.449,0
2011-08-05 13:54:12.782,1
2011-08-05 14:09:15.969,1
2011-08-05 14:18:27.798,1
2011-08-05 14:41:48.634,1
2011-08-05 15:05:51.370,1
2011-08-05 15:27:22.850,1
2011-08-05 15:42:17.492,1
2011-08-05 15:57:57.407,0
2011-08-05 16:10:17.832,0
2011-08-05 16:16:23.584,0
2011-08-05 16:32:18.080,0
2011-08-05 16:37:11.826,0
2011-08-05 16:43:37.749,1
2011-08-05 16:49:26.004,1
2011-08-05 17:05:52.472,1
2011-08-05 17:23:37.140,0
2011-08-05 17:41:40.599,0
2011-08-05 17:54:20.090,0
2011-08-05 18:11:13.406,0
2011-08-05 18:56:50.982,0
2011-08-05 19:08:46.140,0
2011-08-05 19:39:28.296,0
2011-08-07 22:01:50.370,1
2011-08-08 00:24:32.348,1
2011-08-08 06:02:07.760,1
2011-08-08 06:57:27.756,1
2011-08-08 07:44:09.340,1
2011-08-08 08:20:54.482,1
2011-08-08 10:25:31.338,1
2011-08-08 11:19:41.703,1
2011-08-08 13:30:24.458,1
2011-08-08 13:35:46.488,1
2011-08-08 13:47:01.597,1
2011-08-08 14:17:06.533,1
2011-08-08 14:26:40.640,1
2011-08-08 14:49:40.844,1
2011-08-08 15:08:41.548,1
2011-08-08 15:33:55.106,1
2011-08-08 16:21:01.283,1
2011-08-08 17:39:49.121,1
2011-08-08 18:00:32.662,1
2011-08-08 18:05:46.450,1
2011-08-08 18:16:37.224,1
2011-08-08 18:24:17.766,1
2011-08-08 18:31:19.327,1
2011-08-08 18:35:20.715,1
2011-08-08 19:09:24.107,1
2011-08-08 19:16:11.723,1
2011-08-08 19:29:01.550,1
2011-08-08 19:45:01.392,1
2011-08-08 19:58:40.968,1
2011-08-08 20:04:13.187,1
2011-08-08 23:56:13.676,1
2011-08-09 01:35:31.563,0
2011-08-09 02:17:13.388,0
2011-08-09 04:01:39.114,0
2011-08-09 05:52:50.256,0
2011-08-09 06:31:25.659,1
2011-08-09 07:01:51.362,1
2011-08-09 07:11:29.812,1
2011-08-09 07:35:18.964,1
2011-08-09 08:01:17.116,0
2011-08-09 08:32:57.986,0
2011-08-09 08:56:30.160,0
2011-08-09 09:29:24.817,0
2011-08-09 10:05:33.346,0
2011-08-09 10:53:47.995,1
2011-08-09 11:20:23.832,1
2011-08-09 11:45:26.267,1
2011-08-09 12:14:22.600,1
2011-08-09 13:27:56.910,1
2011-08-09 13:40:11.317,1
2011-08-09 13:42:36.979,1
2011-08-09 13:51:35.971,1
2011-08-09 14:00:59.696,0
2011-08-09 14:06:59.496,0
2011-08-09 14:34:00.941,0
2011-08-09 15:02:55.432,1
2011-08-09 15:29:47.050,0
2011-08-09 17:29:35.036,1
2011-08-09 18:08:54.855,1
2011-08-09 18:21:40.057,1
2011-08-09 18:24:26.492,1
2011-08-09 18:39:16.645,0
2011-08-09 18:41:22.068,0
2011-08-09 18:45:10.978,0
2011-08-09 18:47:29.126,0
2011-08-09 18:52:52.384,0
2011-08-09 19:06:21.227,0
2011-08-09 19:15:31.245,0
2011-08-09 19:29:09.133,0
2011-08-09 19:42:30.869,1
2011-08-09 19:48:49.779,1
2011-08-09 19:58:05.328,1
2011-08-09 20:06:12.281,0
2011-08-10 03:50:20.377,0
2011-08-10 08:17:03.231,0
2011-08-10 09:06:49.594,0
2011-08-10 12:31:03.897,0
2011-08-10 13:00:20.935,0
2011-08-10 13:31:10.127,0
2011-08-10 14:00:01.548,0
2011-08-10 14:10:58.883,0
2011-08-10 14:33:14.220,1
2011-08-10 14:50:26.733,0
2011-08-10 15:17:13.443,1
2011-08-10 15:29:55.538,0
2011-08-10 15:58:39.025,1
2011-08-10 16:30:07.131,1
2011-08-10 16:57:42.626,1
2011-08-10 17:51:25.127,1
2011-08-10 18:11:55.913,1
2011-08-10 18:51:26.123,1
2011-08-10 19:08:49.974,1
2011-08-10 19:25:13.370,1
2011-08-10 19:30:52.260,1
2011-08-10 19:45:27.472,1
2011-08-10 19:57:36.036,1
2011-08-10 20:09:29.179,0
2011-08-11 00:45:38.060,0
2011-08-11 07:00:12.599,1
2011-08-11 07:32:47.712,1
2011-08-11 08:32:22.319,1
2011-08-11 09:51:46.281,1
2011-08-11 11:35:57.251,0
2011-08-11 11:47:17.786,0
2011-08-11 12:18:07.232,0
2011-08-11 12:44:06.345,0
2011-08-11 12:58:16.949,0
2011-08-11 13:16:45.342,0
2011-08-11 13:36:14.756,0
2011-08-11 13:45:03.082,0
2011-08-11 14:04:56.244,0
2011-08-11 14:18:40.814,0
2011-08-11 14:42:16.257,1
2011-08-11 15:14:48.872,1
2011-08-11 16:47:35.280,1
2011-08-11 18:21:35.398,0
2011-08-11 19:05:04.018,0
2011-08-11 19:35:08.069,0
2011-08-11 19:51:37.468,0
2011-08-11 20:07:31.359,0
2011-08-12 04:53:48.329,1
2011-08-12 08:28:11.385,1
2011-08-12 09:31:24.626,0
2011-08-12 11:52:49.339,0
2011-08-12 13:32:59.095,0
2011-08-12 13:56:30.310,0
2011-08-12 14:28:53.185,0
2011-08-12 15:43:18.362,0
2011-08-12 16:43:46.955,0
2011-08-12 18:33:29.548,0
2011-08-12 20:13:05.548,0
2011-08-15 13:30:56.629,0
2011-08-15 14:21:08.372,0
2011-08-15 15:19:35.011,0
2011-08-15 17:46:54.098,0
2011-08-15 19:57:54.266,0
2011-08-16 06:01:18.055,0
2011-08-16 07:22:22.328,1
2011-08-16 13:25:40.329,0
2011-08-16 15:02:12.449,1
2011-08-16 16:29:21.378,0
2011-08-16 17:06:45.094,0
2011-08-16 17:53:02.072,0
2011-08-16 19:32:24.838,1
2011-08-17 00:30:40.499,0
2011-08-17 08:03:04.865,1
2011-08-17 13:38:28.519,0
2011-08-17 14:59:41.945,0
2011-08-17 16:02:40.124,0
2011-08-17 17:26:58.230,0
2011-08-17 18:56:30.402,0
2011-08-18 02:38:26.900,1
2011-08-18 09:16:22.936,1
2011-08-18 13:13:57.581,1
2011-08-18 13:44:07.102,1
2011-08-18 14:00:59.444,0
2011-08-18 14:07:07.682,0
2011-08-18 14:18:17.531,0
2011-08-18 15:44:26.467,0
2011-08-18 17:15:02.004,0
2011-08-18 18:03:40.683,0
2011-08-18 18:54:35.337,0
2011-08-18 19:44:37.324,0
2011-08-18 19:52:25.575,0
2011-08-19 05:21:47.790,1
2011-08-19 07:40:20.169,0
2011-08-19 09:35:25.120,0
2011-08-19 12:05:04.991,1
2011-08-19 13:15:21.223,0
2011-08-19 13:40:01.889,1
2011-08-19 14:02:44.453,1
2011-08-19 14:22:43.756,1
2011-08-19 14:51:12.285,0
2011-08-19 15:19:44.120,0
2011-08-19 18:11:18.476,0
2011-08-19 19:19:39.285,0
2011-08-19 19:59:36.258,0
2011-08-21 22:13:54.801,0
2011-08-22 02:08:14.230,0
2011-08-22 07:01:48.879,0
2011-08-22 07:39:15.631,0
2011-08-22 10:31:04.878,0
2011-08-22 13:12:03.748,1
2011-08-22 13:55:11.939,0
2011-08-22 15:00:57.716,0
2011-08-22 15:40:58.157,1
2011-08-22 16:58:00.013,1
2011-08-22 19:03:37.712,0
2011-08-22 19:53:16.408,0
2011-08-23 06:51:53.105,1
2011-08-23 11:57:56.832,1
2011-08-23 13:37:12.348,0
2011-08-23 14:03:00.793,0
2011-08-23 15:41:58.815,1
2011-08-23 17:02:48.157,1
2011-08-23 17:54:19.326,1
2011-08-23 18:33:36.110,1
2011-08-23 19:08:52.865,1
2011-08-23 19:58:29.124,0
2011-08-24 05:56:00.459,1
2011-08-24 12:30:14.576,1
2011-08-24 13:51:36.538,1
2011-08-24 14:01:32.608,1
2011-08-24 14:34:44.605,1
2011-08-24 16:02:35.705,0
2011-08-24 17:20:07.980,1
2011-08-24 19:21:09.655,1
2011-08-25 13:10:53.676,0
2011-08-25 13:32:18.044,0
2011-08-25 13:51:35.532,0
2011-08-25 14:02:39.248,0
2011-08-25 14:22:30.001,0
2011-08-25 14:46:50.804,0
2011-08-25 15:03:55.277,0
2011-08-25 16:33:42.672,1
2011-08-25 17:29:28.651,1
2011-08-25 19:38:26.197,1
2011-08-26 00:44:45.205,1
2011-08-26 11:45:16.038,1
2011-08-26 12:57:22.686,0
2011-08-26 14:00:33.327,0
2011-08-26 14:08:05.158,0
2011-08-26 14:20:57.763,0
2011-08-26 14:26:57.917,0
2011-08-26 14:36:38.428,0
2011-08-26 14:46:25.787,0
2011-08-26 15:00:39.830,0
2011-08-26 15:14:21.275,0
2011-08-26 16:05:17.556,0
2011-08-26 18:27:34.432,0
2011-08-26 20:14:39.591,0
2011-08-29 04:08:26.901,1
2011-08-29 13:40:34.262,0
2011-08-29 17:15:02.313,0
2011-08-29 19:59:30.060,0
2011-08-30 09:26:13.988,1
2011-08-30 13:46:58.032,1
2011-08-30 14:01:01.525,1
2011-08-30 15:13:21.359,1
2011-08-30 15:38:01.718,1
2011-08-30 16:46:21.130,1
2011-08-30 18:15:00.223,1
2011-08-30 19:42:07.685,1
2011-08-30 20:01:51.706,1
2011-08-31 09:07:25.271,1
2011-08-31 13:45:22.174,0
2011-08-31 15:19:44.485,0
2011-08-31 18:37:56.201,1
2011-08-31 19:18:49.483,0
2011-08-31 19:42:13.898,1
2011-09-01 09:13:14.311,1
2011-09-01 13:08:45.280,1
2011-09-01 14:00:30.038,1
2011-09-01 14:15:02.734,0
2011-09-01 15:13:42.556,0
2011-09-01 17:38:23.289,0
2011-09-01 19:40:23.678,1
2011-09-02 06:41:02.306,1
2011-09-02 12:30:35.193,1
2011-09-02 13:39:52.465,0
2011-09-02 14:11:12.568,1
2011-09-02 14:47:36.601,0
2011-09-02 15:13:14.484,1
2011-09-02 18:12:25.089,0
2011-09-05 05:58:30.676,1
2011-09-05 10:33:42.802,0
2011-09-05 14:12:23.480,0
2011-09-06 07:07:37.112,0
2011-09-06 11:56:45.677,0
2011-09-06 13:56:20.954,0
2011-09-06 14:21:59.281,0
2011-09-06 15:16:31.640,0
2011-09-06 17:22:35.020,0
2011-09-06 18:23:42.508,0
2011-09-06 19:10:41.262,1
2011-09-06 19:52:00.471,1
2011-09-07 06:49:33.590,0
2011-09-07 13:18:01.942,1
2011-09-07 15:13:07.126,0
2011-09-07 18:10:33.815,0
2011-09-08 12:41:21.929,0
2011-09-08 13:41:26.533,0
2011-09-08 14:00:52.846,0
2011-09-08 14:28:03.054,0
2011-09-08 17:32:46.655,0
2011-09-08 19:05:50.232,0
2011-09-09 00:11:39.245,1
2011-09-09 13:03:56.566,1
2011-09-09 13:34:20.611,1
2011-09-09 14:27:49.454,1
2011-09-09 15:20:03.015,0
2011-09-09 15:42:47.355,0
2011-09-09 16:36:57.035,0
2011-09-09 17:13:17.663,0
2011-09-09 18:32:55.408,0
2011-09-09 19:48:40.013,0
2011-09-11 22:04:37.018,0
2011-09-12 07:43:06.624,0
2011-09-12 13:02:58.900,0
2011-09-12 13:55:31.780,0
2011-09-12 14:36:01.265,0
2011-09-12 16:50:39.160,0
2011-09-12 18:14:30.921,0
2011-09-12 18:35:59.408,0
2011-09-12 19:44:01.918,0
2011-09-12 19:59:31.271,1
2011-09-13 08:02:38.649,1
2011-09-13 11:33:15.844,1
2011-09-13 12:20:36.594,1
2011-09-13 12:57:48.220,1
2011-09-13 13:40:47.342,1
2011-09-13 13:51:04.310,0
2011-09-13 14:35:10.145,0
2011-09-13 16:03:28.855,1
2011-09-13 17:02:03.303,0
2011-09-13 19:18:03.211,1
2011-09-13 19:45:34.727,1
2011-09-14 05:28:36.630,1
2011-09-14 07:31:25.682,1
2011-09-14 10:08:45.191,1
2011-09-14 11:06:53.337,1
2011-09-14 13:54:15.652,1
2011-09-14 14:20:19.146,1
2011-09-14 15:06:21.231,1
2011-09-14 16:44:15.187,1
2011-09-14 18:06:30.881,1
2011-09-14 19:14:44.745,1
2011-09-14 19:49:29.933,1
2011-09-15 09:49:04.803,1
2011-09-15 13:19:44.146,1
2011-09-15 14:07:14.588,1
2011-09-15 14:30:53.338,1
2011-09-15 15:36:39.820,1
2011-09-15 18:56:44.800,1
2011-09-16 09:06:39.752,1
2011-09-16 13:23:29.272,0
2011-09-16 14:42:21.172,1
2011-09-16 15:54:03.237,1
2011-09-16 20:12:31.653,0
2011-09-19 01:00:55.401,0
2011-09-19 13:47:27.350,0
2011-09-19 15:47:43.214,0
2011-09-19 17:13:53.101,0
2011-09-19 18:51:42.321,0
2011-09-19 19:23:40.255,0
2011-09-20 01:42:37.298,1
2011-09-20 08:02:28.684,0
2011-09-20 10:24:01.590,0
2011-09-20 13:37:03.551,0
2011-09-20 14:28:06.692,0
2011-09-20 15:04:25.076,0
2011-09-20 19:07:49.789,0
2011-09-20 19:59:58.082,0
2011-09-21 12:25:41.927,1
2011-09-21 13:36:43.823,1
2011-09-21 14:38:10.687,1
2011-09-21 18:25:49.804,1
2011-09-21 18:36:22.384,1
2011-09-21 19:14:19.022,1
2011-09-21 19:34:52.566,1
2011-09-21 19:50:54.054,1
2011-09-21 20:00:06.919,1
2011-09-22 03:54:57.367,1
2011-09-22 07:52:48.383,1
2011-09-22 10:29:38.960,1
2011-09-22 10:59:39.790,0
2011-09-22 12:54:02.776,0
2011-09-22 13:39:39.989,1
2011-09-22 13:51:15.392,0
2011-09-22 14:10:14.171,1
2011-09-22 15:04:02.426,1
2011-09-22 16:17:38.745,0
2011-09-22 16:53:00.520,1
2011-09-22 17:20:37.355,0
2011-09-22 18:02:10.490,0
2011-09-22 18:22:45.560,0
2011-09-22 19:03:12.293,0
2011-09-22 19:24:04.440,0
2011-09-22 19:32:42.146,0
2011-09-22 19:49:22.120,1
2011-09-23 03:39:47.219,1
2011-09-23 09:32:10.599,0
2011-09-23 10:28:14.346,1
2011-09-23 11:38:12.459,1
2011-09-23 13:01:29.218,1
2011-09-23 13:38:09.205,0
2011-09-23 13:56:03.671,0
2011-09-23 14:08:15.091,0
2011-09-23 14:38:18.169,0
2011-09-23 15:10:19.138,0
2011-09-23 15:50:16.947,0
2011-09-23 17:45:21.818,0
2011-09-23 18:51:40.401,0
2011-09-23 19:35:30.937,0
2011-09-25 22:37:01.708,0
2011-09-26 01:12:55.304,1
2011-09-26 06:01:15.446,1
2011-09-26 08:51:59.436,1
2011-09-26 11:06:19.513,1
2011-09-26 13:32:17.017,1
2011-09-26 14:00:46.301,1
2011-09-26 14:15:20.671,1
2011-09-26 14:54:33.572,1
2011-09-26 15:41:17.090,1
2011-09-26 17:12:57.183,1
2011-09-26 18:02:11.643,0
2011-09-26 19:01:53.557,1
2011-09-26 19:51:40.761,1
2011-09-27 06:30:20.149,1
2011-09-27 10:26:26.979,1
2011-09-27 13:13:50.557,0
2011-09-27 14:57:48.000,0
2011-09-27 18:12:42.282,0
2011-09-27 19:05:11.697,0
2011-09-27 19:28:34.652,0
2011-09-27 19:52:10.169,0
2011-09-28 01:35:26.380,1
2011-09-28 07:50:22.299,1
2011-09-28 14:17:09.047,1
2011-09-28 15:39:13.572,1
2011-09-28 17:17:56.348,0
2011-09-28 17:55:04.737,0
2011-09-28 19:12:33.060,1
2011-09-28 19:32:11.198,0
2011-09-28 19:48:51.775,0
2011-09-29 05:38:19.650,1
2011-09-29 12:35:56.505,1
2011-09-29 13:50:26.668,1
2011-09-29 14:24:12.233,1
2011-09-29 14:45:18.785,1
2011-09-29 15:48:30.767,0
2011-09-29 16:43:33.925,0
2011-09-29 17:43:19.318,0
2011-09-29 18:11:50.431,0
2011-09-29 19:33:21.995,1
2011-09-29 19:59:18.317,1
2011-09-30 06:34:29.287,1
2011-09-30 13:07:18.478,1
2011-09-30 13:49:00.517,1
2011-09-30 14:19:39.807,1
2011-09-30 14:48:08.050,1
2011-09-30 15:21:25.593,1
2011-09-30 17:12:08.229,1
2011-09-30 18:25:32.446,1
2011-09-30 19:50:49.101,0
2011-10-02 22:00:22.610,1
2011-10-03 13:43:51.497,1
2011-10-03 13:53:38.477,1
2011-10-03 14:00:13.035,1
2011-10-03 14:16:28.969,1
2011-10-03 14:38:33.267,1
2011-10-03 15:11:05.194,1
2011-10-03 16:33:22.824,1
2011-10-03 17:18:32.571,1
2011-10-03 17:39:43.452,1
2011-10-03 18:47:23.385,1
2011-10-03 19:06:12.379,1
2011-10-03 19:49:31.268,1
2011-10-03 19:57:44.376,1
2011-10-03 20:11:51.509,1
2011-10-04 09:29:17.123,0
2011-10-04 13:31:31.762,0
2011-10-04 13:52:57.139,0
2011-10-04 14:11:52.349,0
2011-10-04 14:43:19.315,0
2011-10-04 15:09:27.055,1
2011-10-04 15:36:43.846,0
2011-10-04 16:03:21.146,1
2011-10-04 17:20:24.062,1
2011-10-04 18:20:27.769,1
2011-10-04 18:53:25.960,1
2011-10-04 19:11:45.319,1
2011-10-04 19:22:28.273,1
2011-10-04 19:32:37.471,1
2011-10-04 19:45:03.517,1
2011-10-04 19:51:16.433,1
2011-10-04 19:58:53.059,1
2011-10-05 03:59:35.321,1
2011-10-05 11:24:05.150,0
2011-10-05 13:33:51.344,1
2011-10-05 14:02:07.070,0
2011-10-05 14:44:31.227,0
2011-10-05 16:29:39.138,1
2011-10-05 17:17:37.644,0
2011-10-05 19:34:52.895,0
2011-10-05 23:58:09.309,1
2011-10-06 08:18:36.004,0
2011-10-06 11:48:20.323,1
2011-10-06 12:42:59.970,1
2011-10-06 12:52:13.438,1
2011-10-06 13:54:03.052,1
2011-10-06 14:14:13.163,0
2011-10-06 15:18:02.703,1
2011-10-06 18:23:45.337,1
2011-10-06 19:21:23.217,1
2011-10-06 19:44:24.191,1
2011-10-07 12:30:27.334,0
2011-10-07 13:34:22.465,0
2011-10-07 15:02:52.633,0
2011-10-07 16:20:13.536,1
2011-10-07 18:29:04.131,0
2011-10-07 19:25:14.490,0
2011-10-07 19:53:17.494,0
2011-10-10 00:12:51.541,0
2011-10-10 13:33:14.778,0
2011-10-10 14:19:02.237,0
2011-10-10 19:12:44.821,1
2011-10-10 19:51:11.396,0
2011-10-11 13:16:10.237,1
2011-10-11 14:29:58.627,1
2011-10-12 00:16:44.767,1
2011-10-12 08:16:56.451,1
2011-10-12 10:07:53.500,1
2011-10-12 14:18:55.075,0
2011-10-12 16:54:31.403,0
2011-10-12 19:16:46.814,0
2011-10-12 20:13:25.422,0
2011-10-13 09:46:05.849,1
2011-10-13 15:01:49.951,0
2011-10-13 17:10:05.110,0
2011-10-13 19:02:21.106,0
2011-10-14 08:57:34.370,1
2011-10-14 13:37:42.470,0
2011-10-14 19:30:37.860,0
2011-10-17 03:22:11.102,0
2011-10-17 11:11:57.381,0
2011-10-17 13:54:31.530,0
2011-10-17 14:45:18.908,0
2011-10-17 17:05:56.136,0
2011-10-17 18:37:32.658,0
2011-10-18 02:36:03.066,0
2011-10-18 13:10:21.516,0
2011-10-18 13:51:23.550,0
2011-10-18 14:31:14.888,0
2011-10-18 15:38:09.898,0
2011-10-18 18:16:39.517,1
2011-10-18 19:07:44.675,0
2011-10-18 19:12:37.947,0
2011-10-18 19:31:21.791,0
2011-10-18 19:55:59.562,0
2011-10-18 21:07:22.007,0
2011-10-19 10:05:25.398,0
2011-10-19 13:33:36.627,0
2011-10-19 14:32:05.083,0
2011-10-19 17:46:07.871,0
2011-10-19 18:21:58.826,1
2011-10-19 19:07:09.779,0
2011-10-20 09:43:08.945,1
2011-10-20 13:41:19.369,0
2011-10-20 14:14:15.603,1
2011-10-20 14:54:44.903,0
2011-10-20 15:21:22.253,0
2011-10-20 16:14:01.776,0
2011-10-20 17:06:25.477,0
2011-10-20 18:47:50.005,0
2011-10-21 11:26:11.469,1
2011-10-21 13:27:27.215,0
2011-10-21 14:25:34.098,0
2011-10-21 17:03:55.189,0
2011-10-21 19:52:52.185,0
2011-10-24 13:40:16.628,0
2011-10-24 15:20:41.531,0
2011-10-25 11:19:07.475,0
2011-10-25 13:00:29.996,0
2011-10-25 13:37:03.164,0
2011-10-25 13:38:04.322,1
2011-10-25 13:42:45.654,0
2011-10-25 14:42:47.564,1
2011-10-25 15:06:20.718,1
2011-10-25 18:19:20.546,1
2011-10-25 19:54:57.290,0
2011-10-26 05:12:24.706,0
2011-10-26 13:22:29.281,1
2011-10-26 14:09:43.993,1
2011-10-26 14:49:51.359,0
2011-10-26 15:45:34.880,0
2011-10-26 17:36:34.085,0
2011-10-26 19:31:01.681,1
2011-10-27 02:35:03.104,1
2011-10-27 06:18:58.791,1
2011-10-27 11:31:20.219,1
2011-10-27 13:20:57.964,0
2011-10-27 14:25:47.701,1
2011-10-27 15:54:27.544,0
2011-10-27 17:19:53.204,0
2011-10-27 19:19:36.904,0
2011-10-27 19:50:02.084,0
2011-10-28 10:34:14.897,0
2011-10-28 15:13:44.322,0
2011-10-28 19:53:47.369,0
2011-10-31 05:14:42.282,1
2011-10-31 16:29:46.959,1
2011-10-31 19:20:20.572,1
2011-10-31 19:59:54.498,1
2011-11-01 06:42:36.081,1
2011-11-01 08:08:23.517,1
2011-11-01 12:05:21.876,0
2011-11-01 12:52:18.263,0
2011-11-01 13:41:15.533,0
2011-11-01 14:12:28.518,0
2011-11-01 15:37:51.978,0
2011-11-01 17:30:55.610,0
2011-11-01 19:05:02.137,0
2011-11-01 19:46:37.995,1
2011-11-01 20:05:00.358,1
2011-11-02 07:44:39.394,0
2011-11-02 10:03:05.840,0
2011-11-02 13:32:14.790,0
2011-11-02 14:50:25.659,0
2011-11-02 17:00:37.980,0
2011-11-02 18:57:04.713,0
2011-11-03 04:33:55.094,1
2011-11-03 09:19:48.282,0
2011-11-03 11:57:16.593,0
2011-11-03 12:46:46.838,0
2011-11-03 13:50:35.258,0
2011-11-03 14:04:19.545,1
2011-11-03 14:29:17.481,1
2011-11-03 15:21:46.733,0
2011-11-03 17:11:37.547,0
2011-11-03 19:52:23.228,0
2011-11-04 12:02:54.233,0
2011-11-04 13:24:43.951,0
2011-11-04 14:29:00.094,1
2011-11-04 17:19:58.876,0
2011-11-07 08:12:16.424,0
2011-11-07 11:50:50.061,0
2011-11-07 15:39:03.941,1
2011-11-07 17:25:13.885,1
2011-11-07 18:55:49.667,1
2011-11-07 20:47:34.406,0
2011-11-08 07:59:05.687,1
2011-11-08 09:08:05.320,1
2011-11-08 15:28:22.343,1
2011-11-08 18:50:30.405,0
2011-11-08 20:37:00.121,0
2011-11-09 07:28:32.210,0
2011-11-09 09:21:05.381,0
2011-11-09 11:08:17.705,0
2011-11-09 15:26:52.364,0
2011-11-09 15:50:46.098,1
2011-11-09 18:23:49.257,1
2011-11-09 19:06:32.942,0
2011-11-09 20:23:36.209,0
2011-11-09 20:59:15.414,0
2011-11-10 08:43:18.862,0
2011-11-10 10:00:42.312,0
2011-11-10 10:45:48.276,0
2011-11-10 12:00:21.132,0
2011-11-10 14:55:21.913,0
2011-11-10 15:30:53.072,1
2011-11-10 16:44:55.642,1
2011-11-10 18:15:01.098,1
2011-11-10 20:06:09.788,1
2011-11-11 07:19:02.255,1
2011-11-11 14:30:00.081,0
2011-11-11 15:34:50.563,0
2011-11-14 00:56:53.104,0
2011-11-14 11:53:53.276,0
2011-11-14 17:04:00.046,0
2011-11-15 08:10:36.686,1
2011-11-15 09:05:08.648,0
2011-11-15 11:15:01.201,0
2011-11-15 14:32:49.572,0
2011-11-15 16:41:00.071,0
2011-11-15 17:33:28.253,1
2011-11-15 20:03:38.908,0
2011-11-16 05:01:15.328,1
2011-11-16 08:55:09.888,0
2011-11-16 10:49:54.300,1
2011-11-16 15:56:38.424,1
2011-11-16 18:47:34.404,1
2011-11-16 20:15:06.458,1
2011-11-16 20:30:52.089,0
2011-11-16 21:05:47.677,1
2011-11-17 12:05:01.486,1
2011-11-17 13:38:28.661,1
2011-11-17 14:50:25.273,1
2011-11-17 15:34:15.088,1
2011-11-17 17:14:22.425,1
2011-11-17 17:33:56.146,1
2011-11-17 18:51:27.141,0
2011-11-17 21:00:00.514,0
2011-11-18 10:07:27.515,1
2011-11-18 14:30:00.401,1
2011-11-18 15:51:07.863,0
2011-11-18 17:05:00.846,0
2011-11-18 19:12:47.301,0
2011-11-20 23:50:13.991,1
2011-11-21 08:36:56.557,1
2011-11-21 14:52:13.718,0
2011-11-21 16:43:55.949,0
2011-11-21 19:14:52.741,0
2011-11-22 08:06:36.408,1
2011-11-22 13:31:20.394,1
2011-11-22 15:48:37.219,0
2011-11-22 17:03:30.171,1
2011-11-22 18:21:27.559,1
2011-11-22 19:38:48.325,1
2011-11-23 01:36:04.774,1
2011-11-23 15:02:36.241,1
2011-11-23 20:59:59.998,0
2011-11-24 08:01:28.385,1
2011-11-24 14:58:44.569,0
2011-11-25 09:49:49.697,0
2011-11-25 14:30:12.465,0
2011-11-25 14:43:51.146,1
2011-11-25 16:47:02.732,0
2011-11-25 18:13:51.557,0
2011-11-28 00:40:55.625,0
2011-11-28 09:26:47.010,0
2011-11-28 14:40:48.138,0
2011-11-28 19:51:04.361,0
2011-11-28 20:59:57.839,0
2011-11-29 10:30:10.025,0
2011-11-29 13:31:14.359,1
2011-11-29 15:00:00.078,1
2011-11-29 18:54:16.901,1
2011-11-29 20:15:44.101,1
2011-11-30 00:13:10.520,1
2011-11-30 11:06:34.180,0
2011-11-30 13:00:28.816,0
2011-11-30 13:07:50.197,1
2011-11-30 14:50:21.438,0
2011-11-30 20:43:22.533,0
2011-12-01 08:36:04.466,1
2011-12-01 13:20:38.017,0
2011-12-01 15:04:46.038,0
2011-12-01 16:11:02.137,0
2011-12-02 07:52:38.245,0
2011-12-02 14:43:02.613,0
2011-12-02 16:49:33.510,0
2011-12-02 20:45:38.392,0
2011-12-05 05:30:22.242,0
2011-12-05 14:31:11.818,1
2011-12-05 18:53:14.173,0
2011-12-05 20:15:58.828,1
2011-12-06 07:39:18.139,0
2011-12-06 08:51:02.020,0
2011-12-06 19:40:29.450,0
2011-12-06 20:59:59.668,1
2011-12-07 07:14:37.596,0
2011-12-07 12:44:56.393,0
2011-12-07 14:38:12.362,1
2011-12-07 16:25:50.616,0
2011-12-07 20:40:18.872,1
2011-12-08 13:39:26.353,0
2011-12-08 13:50:59.289,0
2011-12-08 15:05:54.216,0
2011-12-08 17:47:24.223,1
2011-12-08 20:53:24.535,0
2011-12-09 10:43:07.945,0
2011-12-09 14:07:36.647,0
2011-12-09 14:52:47.127,0
2011-12-09 16:36:04.013,0
2011-12-12 13:01:30.102,0
2011-12-12 14:33:07.185,0
2011-12-12 15:21:52.249,1
2011-12-12 16:57:00.163,0
2011-12-12 20:39:06.145,0
2011-12-13 10:51:22.479,1
2011-12-13 15:04:10.100,0
2011-12-13 15:48:44.946,0
2011-12-13 19:06:28.821,0
2011-12-13 19:36:01.079,0
2011-12-13 20:28:23.424,1
2011-12-14 02:06:16.986,1
2011-12-14 14:28:12.606,0
2011-12-14 14:51:39.369,0
2011-12-14 16:30:52.808,0
2011-12-14 18:20:05.085,0
2011-12-14 19:14:20.545,0
2011-12-15 12:57:09.454,0
2011-12-15 15:39:09.093,1
2011-12-16 03:33:29.688,0
2011-12-16 15:20:21.109,0
2011-12-16 16:50:20.955,0
2011-12-16 17:45:06.761,0
2011-12-19 01:59:17.706,1
2011-12-19 09:53:10.485,1
2011-12-19 15:59:44.196,1
2011-12-19 20:08:57.669,0
2011-12-20 03:14:35.699,0
2011-12-20 13:43:47.099,0
2011-12-20 14:38:54.875,0
2011-12-20 16:07:17.391,1
2011-12-20 20:45:49.821,0
2011-12-21 09:20:24.603,0
2011-12-21 13:03:38.786,0
2011-12-21 16:07:55.216,1
2011-12-21 18:56:24.313,0
2011-12-22 10:03:44.585,0
2011-12-22 18:34:45.876,0
2011-12-23 08:19:17.238,0
2011-12-23 20:59:16.590,0
2011-12-28 14:54:41.588,0
2011-12-28 16:49:04.055,0
2011-12-29 14:42:18.900,0
2011-12-30 13:05:52.023,0
2011-12-30 20:59:59.088,1
2012-01-03 11:02:25.863,0
2012-01-03 15:05:32.941,0
2012-01-03 17:50:05.628,0
2012-01-04 07:27:49.774,0
2012-01-04 15:37:42.370,0
2012-01-04 17:16:40.386,0
2012-01-05 10:16:04.817,0
2012-01-05 14:44:06.645,0
2012-01-05 16:35:37.432,0
2012-01-05 18:43:11.981,0
2012-01-06 13:32:50.114,0
2012-01-06 14:49:44.634,0
2012-01-09 08:45:03.445,1
2012-01-10 08:10:12.481,1
2012-01-10 13:29:58.107,0
2012-01-11 12:32:27.762,1
2012-01-11 20:25:31.821,1
2012-01-12 12:29:57.988,0
2012-01-12 14:42:08.123,1
2012-01-12 18:17:01.544,1
2012-01-13 13:38:43.037,0
2012-01-13 14:33:02.359,1
2012-01-13 15:21:36.576,0
2012-01-13 16:56:46.981,0
2012-01-13 20:38:03.614,0
2012-01-16 23:56:03.500,0
2012-01-17 06:46:21.678,0
2012-01-17 19:33:14.304,1
2012-01-18 10:14:38.952,1
2012-01-18 14:34:04.032,0
2012-01-18 15:14:15.710,0
2012-01-18 20:15:52.790,1
2012-01-19 13:30:01.503,0
2012-01-23 11:36:31.288,1
2012-01-23 16:46:23.326,0
2012-01-23 20:47:24.895,0
2012-01-24 11:13:10.755,0
2012-01-24 19:26:09.282,1
2012-01-25 14:40:58.903,1
2012-01-25 17:53:33.488,1
2012-01-25 20:24:12.190,1
2012-01-26 14:54:00.073,0
2012-01-26 15:43:27.306,0
2012-01-26 20:06:35.770,0
2012-01-27 10:08:42.176,1
2012-01-27 13:50:47.391,0
2012-01-27 21:00:03.347,1
2012-01-30 03:20:57.268,1
2012-01-30 14:31:13.783,0
2012-01-30 18:39:02.006,0
2012-01-31 09:53:45.382,0
2012-01-31 15:08:50.623,1
2012-01-31 16:54:25.761,1
2012-02-01 08:52:04.003,0
2012-02-01 15:11:08.436,0
2012-02-03 13:30:07.171,1
2012-02-03 20:59:13.041,0
2012-02-06 10:14:42.033,0
2012-02-07 00:50:57.889,0
2012-02-07 16:07:01.502,0
2012-02-08 16:46:16.918,1
2012-02-08 19:48:52.414,0
2012-02-09 15:26:25.597,1
2012-02-09 18:30:55.131,0
2012-02-10 08:29:54.896,0
2012-02-13 01:31:36.049,0
2012-02-14 15:07:43.814,1
2012-02-14 20:51:26.050,1
2012-02-15 02:33:51.253,1
2012-02-15 14:44:40.999,0
2012-02-15 18:00:22.196,1
2012-02-16 02:44:07.652,0
2012-02-16 15:03:02.086,0
2012-02-16 16:57:03.448,0
2012-02-17 14:30:38.475,0
2012-02-19 23:05:54.603,0
2012-02-21 14:50:13.293,0
2012-02-21 19:53:05.670,0
2012-02-23 09:02:39.061,1
2012-02-23 14:36:34.810,0
2012-02-23 16:14:52.262,0
2012-02-24 06:58:09.938,0
2012-02-27 09:55:38.167,1
2012-02-27 15:45:26.801,0
2012-02-28 06:13:08.151,0
2012-02-29 09:50:23.700,0
2012-02-29 15:47:38.614,0
2012-02-29 20:41:50.101,1
2012-02-29 21:00:02.847,0
2012-03-01 10:39:14.921,0
2012-03-01 18:30:16.144,0
2012-03-02 18:22:25.273,0
2012-03-05 09:36:43.825,1
2012-03-06 08:31:06.249,1
2012-03-06 14:31:36.034,1
2012-03-06 19:30:29.780,0
2012-03-07 10:38:39.214,0
2012-03-07 20:32:19.195,1
2012-03-08 09:14:10.272,0
2012-03-08 20:15:41.320,0
2012-03-09 08:13:45.190,0
2012-03-09 15:30:00.887,0
2012-03-13 02:05:19.135,0
2012-03-13 15:54:48.490,1
2012-03-13 19:23:56.588,0
2012-03-14 19:19:43.867,1
2012-03-15 14:43:47.178,0
2012-03-16 11:58:56.523,0
2012-03-19 16:03:13.933,0
2012-03-20 10:04:15.509,1
2012-03-20 19:13:10.614,0
2012-03-21 15:01:00.448,1
2012-03-22 08:51:52.240,1
2012-03-23 08:16:33.286,1
2012-03-23 14:05:38.609,0
2012-03-23 15:58:56.215,0
2012-03-26 11:22:37.453,1
2012-03-26 19:02:11.520,1
2012-03-27 06:39:17.948,0
2012-03-27 14:53:46.394,0
2012-03-28 14:34:23.704,1
2012-03-28 18:06:26.613,0
2012-03-29 13:29:59.486,0
2012-03-29 19:17:16.192,0
2012-03-30 09:47:10.798,0
2012-03-30 14:42:16.245,1
2012-04-01 22:15:32.165,0
2012-04-02 11:51:23.810,1
2012-04-02 15:16:00.997,1
2012-04-03 15:31:45.348,0
2012-04-03 18:32:14.462,1
2012-04-03 19:58:15.321,1
2012-04-04 09:06:29.844,0
2012-04-04 15:00:29.076,0
2012-04-05 09:48:09.042,0
2012-04-05 14:07:40.353,1
2012-04-06 12:31:45.857,0
2012-04-10 14:08:42.762,1
2012-04-10 15:49:22.559,1
2012-04-10 17:19:00.628,0
2012-04-11 05:09:27.846,0
2012-04-12 06:11:57.948,1
2012-04-12 13:56:06.490,1
2012-04-12 16:36:47.848,0
2012-04-13 13:40:05.193,0
2012-04-13 14:26:34.341,0
2012-04-13 19:58:21.580,0
2012-04-16 12:41:54.939,0
2012-04-16 14:11:00.681,0
2012-04-17 09:50:16.855,0
2012-04-17 14:46:28.061,1
2012-04-17 18:29:58.542,0
2012-04-18 11:07:43.529,0
2012-04-19 08:24:22.824,1
2012-04-19 12:46:48.027,1
2012-04-19 14:17:52.228,1
2012-04-19 14:42:17.807,1
2012-04-19 16:09:29.161,1
2012-04-19 18:35:20.651,0
2012-04-20 08:37:32.855,0
2012-04-20 19:56:21.868,0
2012-04-23 08:15:39.134,0
2012-04-23 14:05:11.590,0
2012-04-23 19:40:44.835,0
2012-04-24 15:16:04.795,1
2012-04-24 20:42:14.248,1
2012-04-25 13:45:16.466,0
2012-04-26 07:30:19.095,0
2012-04-26 12:39:03.558,1
2012-04-26 17:32:25.013,1
2012-04-27 07:09:55.116,1
2012-04-27 11:13:45.409,0
2012-04-30 13:43:30.339,0
2012-05-01 14:02:53.859,1
2012-05-01 15:17:40.789,0
2012-05-01 19:56:21.073,0
2012-05-02 12:16:40.400,1
2012-05-02 18:29:09.362,1
2012-05-03 14:22:09.408,0
2012-05-03 17:44:00.522,1
2012-05-04 13:10:08.577,1
2012-05-04 14:36:57.299,1
2012-05-04 18:43:03.539,1
2012-05-06 22:00:00.147,0
2012-05-07 11:33:22.298,0
2012-05-07 13:43:32.222,1
2012-05-07 17:54:42.755,1
2012-05-08 08:06:49.756,0
2012-05-08 14:12:35.634,0
2012-05-08 15:11:59.159,0
2012-05-08 18:45:58.637,1
2012-05-08 19:39:19.107,1
2012-05-09 07:33:42.165,0
2012-05-09 13:08:45.288,1
2012-05-09 14:30:14.944,0
2012-05-09 15:12:24.817,0
2012-05-09 17:33:21.902,0
2012-05-09 23:56:22.507,1
2012-05-10 11:58:05.131,0
2012-05-10 15:04:22.847,0
2012-05-10 19:55:32.887,1
2012-05-10 21:10:23.650,0
2012-05-11 14:02:35.522,1
2012-05-11 15:12:38.547,1
2012-05-11 18:43:13.100,0
2012-05-13 23:18:15.878,0
2012-05-14 13:31:07.301,0
2012-05-14 15:29:14.721,1
2012-05-14 19:45:30.231,1
2012-05-15 07:23:02.822,1
2012-05-15 13:08:01.752,1
2012-05-15 14:29:11.094,1
2012-05-15 16:09:05.890,1
2012-05-15 19:00:38.535,1
2012-05-16 07:07:53.838,0
2012-05-16 12:10:37.654,1
2012-05-16 15:08:33.328,1
2012-05-16 18:36:31.371,0
2012-05-17 11:42:38.066,1
2012-05-17 14:01:11.399,1
2012-05-17 16:04:30.566,1
2012-05-17 19:31:45.689,1
2012-05-18 05:29:05.453,0
2012-05-18 08:09:44.987,1
2012-05-18 15:39:09.406,1
2012-05-18 18:20:37.519,1
2012-05-20 23:02:35.116,0
2012-05-21 03:02:54.438,0
2012-05-21 14:35:57.719,0
2012-05-21 19:29:55.076,0
2012-05-22 14:07:25.738,0
2012-05-22 19:24:34.124,0
2012-05-22 20:00:01.170,1
2012-05-23 06:08:09.305,1
2012-05-23 14:20:48.932,0
2012-05-23 17:42:46.211,0
2012-05-23 19:17:16.381,0
2012-05-23 19:39:36.195,0
2012-05-24 08:00:42.551,1
2012-05-24 10:01:38.401,0
2012-05-24 16:04:30.155,1
2012-05-24 20:00:00.063,0
2012-05-25 07:27:59.750,1
2012-05-25 12:24:40.623,0
2012-05-25 19:30:27.824,1
2012-05-28 06:02:28.544,0
2012-05-29 14:06:37.190,0
2012-05-29 15:49:56.165,1
2012-05-29 19:44:41.324,0
2012-05-30 07:01:11.721,0
2012-05-30 12:24:47.295,1
2012-05-30 14:20:02.265,1
2012-05-30 21:06:38.946,1
2012-05-31 13:43:20.967,1
2012-05-31 14:53:08.705,0
2012-05-31 16:20:36.211,1
2012-05-31 19:34:17.304,0
2012-05-31 19:59:59.117,0
2012-06-01 08:42:08.886,0
2012-06-01 12:30:17.482,1
2012-06-01 13:31:57.759,1
2012-06-01 14:32:46.695,1
2012-06-01 17:40:09.288,1
2012-06-03 23:02:34.485,0
2012-06-04 10:41:13.035,0
2012-06-04 14:00:04.916,0
2012-06-04 16:43:13.641,0
2012-06-04 18:34:18.224,0
2012-06-05 08:40:10.195,0
2012-06-05 14:00:50.026,1
2012-06-05 19:38:28.311,1
2012-06-06 04:29:12.176,1
2012-06-06 12:52:05.934,1
2012-06-06 13:51:48.344,1
2012-06-06 15:24:25.857,1
2012-06-06 19:59:59.034,1
2012-06-07 11:01:11.457,0
2012-06-07 14:21:03.011,0
2012-06-07 19:42:27.278,0
2012-06-08 00:57:00.741,0
2012-06-08 14:38:00.383,0
2012-06-08 17:05:25.848,0
2012-06-10 22:00:00.149,1
2012-06-11 12:11:46.179,0
2012-06-11 14:00:08.658,0
2012-06-11 15:21:10.938,0
2012-06-11 19:10:45.499,1
2012-06-11 19:58:40.827,0
2012-06-12 07:32:51.976,0
2012-06-12 14:30:47.514,0
2012-06-12 15:05:34.863,0
2012-06-12 19:43:22.553,0
2012-06-13 13:54:00.730,0
2012-06-13 14:35:25.187,0
2012-06-13 18:45:03.068,1
2012-06-14 05:43:38.833,0
2012-06-14 14:10:41.917,0
2012-06-14 19:08:18.029,1
2012-06-14 19:22:55.171,1
2012-06-14 20:13:45.869,1
2012-06-15 19:40:22.702,1
2012-06-17 22:02:20.932,0
2012-06-18 08:35:05.885,1
2012-06-18 13:33:02.769,1
2012-06-18 14:26:08.382,1
2012-06-18 20:09:10.621,1
2012-06-19 13:53:44.242,1
2012-06-19 17:43:17.776,0
2012-06-20 02:25:41.350,1
2012-06-20 16:32:43.081,1
2012-06-20 16:47:46.314,1
2012-06-20 18:40:31.796,1
2012-06-20 19:59:59.049,1
2012-06-21 14:24:22.010,0
2012-06-21 15:32:42.049,1
2012-06-21 16:44:41.915,1
2012-06-21 18:24:58.507,0
2012-06-22 13:30:00.073,0
2012-06-22 18:55:31.531,0
2012-06-25 00:27:03.397,0
2012-06-25 13:36:47.815,0
2012-06-26 13:43:15.051,0
2012-06-26 15:08:27.344,0
2012-06-26 16:57:11.783,1
2012-06-27 13:34:52.365,0
2012-06-27 14:10:23.351,0
2012-06-28 07:53:48.112,1
2012-06-28 13:33:11.654,1
2012-06-28 14:38:01.667,0
2012-06-28 19:33:32.329,0
2012-06-29 03:04:46.159,0
2012-06-29 07:00:00.265,1
2012-06-29 12:50:21.100,0
2012-06-29 18:36:16.264,0
2012-06-29 20:00:16.120,0
2012-07-02 14:02:40.652,0
2012-07-02 19:59:00.099,0
2012-07-03 14:36:48.834,0
2012-07-05 11:01:28.059,0
2012-07-05 12:38:38.128,0
2012-07-05 17:49:37.896,1
2012-07-06 07:34:04.328,1
2012-07-06 13:00:57.094,0
2012-07-09 15:43:55.647,0
2012-07-10 08:58:18.458,1
2012-07-10 14:36:44.744,0
2012-07-10 18:17:31.542,1
2012-07-11 10:57:28.057,1
2012-07-11 18:07:23.010,1
2012-07-11 19:47:20.120,1
2012-07-12 08:09:06.757,1
2012-07-12 14:42:28.295,0
2012-07-12 17:08:14.522,0
2012-07-13 13:38:22.324,1
2012-07-13 14:07:38.542,0
2012-07-13 19:11:25.132,0
2012-07-16 13:55:36.588,0
2012-07-16 15:22:56.815,0
2012-07-17 13:36:57.122,0
2012-07-17 14:03:45.744,1
2012-07-17 15:38:19.880,0
2012-07-17 17:26:46.908,0
2012-07-18 13:56:19.186,1
2012-07-18 16:22:02.923,0
2012-07-19 10:36:33.758,0
2012-07-19 16:28:06.024,0
2012-07-20 05:30:04.823,0
2012-07-20 13:53:49.756,1
2012-07-23 01:07:27.166,1
2012-07-23 09:46:56.181,1
2012-07-23 13:40:45.359,0
2012-07-23 15:10:36.020,0
2012-07-23 19:31:13.287,1
2012-07-24 10:41:07.419,1
2012-07-24 14:18:42.506,0
2012-07-24 16:02:39.027,0
2012-07-24 19:53:54.591,1
2012-07-24 20:40:52.454,0
2012-07-25 07:21:54.420,0
2012-07-25 14:32:50.648,0
2012-07-25 17:37:38.141,1
2012-07-26 10:24:12.595,1
2012-07-26 11:04:34.072,0
2012-07-26 14:11:50.306,0
2012-07-26 15:07:24.809,1
2012-07-26 19:43:29.533,1
2012-07-27 12:30:12.984,1
2012-07-27 14:58:14.619,1
2012-07-27 17:28:23.785,0
2012-07-30 14:22:12.488,0
2012-07-30 15:36:06.699,0
2012-07-31 16:47:01.662,0
2012-08-01 13:09:55.200,1
2012-08-01 18:13:46.567,1
2012-08-02 12:21:39.290,1
2012-08-02 12:39:20.030,1
2012-08-02 12:43:58.760,1
2012-08-02 14:15:15.826,1
2012-08-02 15:08:58.631,1
2012-08-02 16:32:34.836,0
2012-08-02 19:57:44.575,0
2012-08-03 08:47:37.971,0
2012-08-03 12:30:43.617,1
2012-08-03 14:04:18.722,0
2012-08-06 13:48:41.611,0
2012-08-07 14:00:24.645,0
2012-08-08 07:02:33.000,0
2012-08-08 15:29:26.483,0
2012-08-10 13:37:41.425,1
2012-08-10 19:47:39.114,0
2012-08-13 15:04:15.094,1
2012-08-14 01:01:15.555,1
2012-08-14 19:55:08.393,1
2012-08-16 14:39:50.204,1
2012-08-16 18:33:24.928,0
2012-08-21 08:16:13.792,1
2012-08-21 17:49:52.062,0
2012-08-22 15:23:31.758,0
2012-08-22 18:57:12.435,1
2012-08-23 12:37:27.585,0
2012-08-23 17:16:20.509,0
2012-08-24 15:15:52.932,0
2012-08-27 12:32:13.214,0
2012-08-28 12:15:39.162,0
2012-08-30 11:08:31.603,1
2012-08-31 11:45:01.377,1
2012-08-31 14:06:57.604,0
2012-08-31 14:57:45.657,0
2012-08-31 16:12:35.920,0
2012-09-04 14:10:06.433,0
2012-09-04 18:35:17.255,1
2012-09-05 08:24:59.241,0
2012-09-05 14:30:41.971,1
2012-09-06 07:41:16.151,1
2012-09-06 13:37:45.251,1
2012-09-06 14:38:45.974,1
2012-09-07 07:30:43.473,0
2012-09-10 19:56:15.486,0
2012-09-11 13:51:16.968,0
2012-09-13 15:11:54.011,1
2012-09-13 16:32:58.924,1
2012-09-13 16:42:37.826,1
2012-09-13 17:35:06.938,1
2012-09-14 02:10:25.461,1
2012-09-14 14:03:45.457,0
2012-09-14 17:36:06.635,0
2012-09-18 09:09:51.611,0
2012-09-20 04:01:59.440,1
2012-09-20 19:21:46.815,0
2012-09-21 13:18:46.985,0
2012-09-21 20:08:28.237,0
2012-09-25 12:34:33.022,1
2012-09-25 16:43:51.887,0
2012-09-25 19:11:43.350,1
2012-09-26 13:48:05.488,0
2012-09-26 17:27:24.453,0
2012-09-27 15:58:17.858,0
2012-09-28 12:25:03.664,0
2012-09-28 17:37:42.568,0
2012-10-01 12:41:17.014,1
2012-10-01 14:03:42.106,0
2012-10-01 17:10:13.871,0
2012-10-02 09:28:37.416,1
2012-10-02 15:38:22.516,0
2012-10-03 12:15:23.586,0
2012-10-03 15:11:57.051,1
2012-10-04 07:02:42.225,0
2012-10-04 14:10:20.397,1
2012-10-05 12:32:14.557,0
2012-10-05 18:55:04.448,0
2012-10-09 14:37:53.409,1
2012-10-09 15:19:13.707,0
2012-10-10 15:35:41.264,1
2012-10-10 23:49:37.471,0
2012-10-11 10:54:10.372,1
2012-10-11 17:45:22.025,0
2012-10-12 15:30:07.269,1
2012-10-15 08:29:23.403,0
2012-10-15 16:29:30.493,1
2012-10-16 11:45:10.000,0
2012-10-16 19:58:17.864,0
2012-10-17 14:50:06.337,0
2012-10-18 16:04:15.192,0
2012-10-18 17:56:04.379,1
2012-10-19 13:42:39.297,1
2012-10-19 15:23:01.376,1
2012-10-19 17:53:20.854,0
2012-10-22 17:12:23.612,1
2012-10-22 19:56:37.967,1
2012-10-23 07:55:59.259,1
2012-10-23 12:43:57.864,1
2012-10-23 14:33:59.164,0
2012-10-23 18:48:44.363,0
2012-10-24 13:05:41.732,0
2012-10-24 19:04:11.118,0
2012-10-25 08:55:14.469,1
2012-10-25 14:49:51.988,0
2012-10-26 05:10:13.804,0
2012-10-26 12:46:40.654,1
2012-10-26 14:51:26.906,0
2012-10-26 18:12:10.600,0
2012-10-29 08:45:34.853,1
2012-10-30 08:27:03.641,1
2012-10-31 08:10:32.579,0
2012-10-31 14:41:59.347,1
2012-11-01 13:18:13.729,0
2012-11-01 14:01:41.253,1
2012-11-02 12:30:47.459,0
2012-11-02 14:23:54.404,0
2012-11-02 18:38:53.881,0
2012-11-02 20:14:22.036,0
2012-11-05 20:39:17.216,0
2012-11-06 16:38:12.345,0
2012-11-07 01:31:00.619,1
2012-11-07 07:33:50.979,0
2012-11-07 12:35:09.074,0
2012-11-07 14:30:16.142,0
2012-11-07 15:17:34.793,1
2012-11-07 16:24:35.706,0
2012-11-07 18:06:55.164,0
2012-11-07 21:11:14.578,1
2012-11-08 14:46:48.433,1
2012-11-08 15:31:25.553,1
2012-11-08 18:23:41.362,1
2012-11-08 21:00:00.047,1
2012-11-09 12:33:27.004,0
2012-11-09 14:37:31.548,0
2012-11-09 15:49:51.146,0
2012-11-09 18:30:53.340,0
2012-11-09 20:59:59.853,0
2012-11-13 05:06:40.057,0
2012-11-13 14:58:49.000,1
2012-11-13 16:02:23.064,1
2012-11-13 20:27:17.653,0
2012-11-14 08:40:59.990,0
2012-11-14 15:19:04.882,1
2012-11-14 15:54:15.468,1
2012-11-14 20:05:01.729,1
2012-11-14 20:54:59.253,0
2012-11-15 08:56:00.579,1
2012-11-15 15:01:07.791,0
2012-11-15 16:19:20.352,0
2012-11-15 18:40:34.999,1
2012-11-15 20:06:09.170,1
2012-11-16 13:30:26.739,1
2012-11-16 14:55:41.562,0
2012-11-16 16:51:21.768,0
2012-11-16 19:35:06.300,1
2012-11-16 20:44:04.457,0
2012-11-19 09:01:21.843,1
2012-11-19 14:34:51.629,1
2012-11-19 20:54:17.935,0
2012-11-20 18:12:12.548,1
2012-11-20 20:57:52.477,0
2012-11-21 21:10:49.623,0
2012-11-23 15:00:41.289,1
2012-11-23 17:59:58.058,0
2012-11-26 13:09:29.616,1
2012-11-26 21:00:03.739,0
2012-11-27 19:54:43.063,0
2012-11-28 11:58:44.344,1
2012-11-28 15:06:34.043,0
2012-11-28 15:39:38.384,0
2012-11-28 17:40:17.332,0
2012-11-29 08:01:11.834,0
2012-11-29 16:41:14.883,0
2012-11-29 19:49:07.726,0
2012-12-03 12:22:32.737,1
2012-12-03 16:00:53.288,0
2012-12-03 22:05:27.468,0
2012-12-04 23:16:27.695,0
2012-12-05 06:57:16.367,1
2012-12-05 15:39:57.424,0
2012-12-05 16:46:07.155,0
2012-12-06 14:28:04.352,1
2012-12-07 13:30:50.241,0
2012-12-10 16:09:18.515,1
2012-12-11 14:39:00.394,1
2012-12-11 20:18:04.073,1
2012-12-12 09:18:35.121,1
2012-12-12 17:53:21.537,0
2012-12-12 20:28:55.660,0
2012-12-13 17:28:50.344,1
2012-12-14 14:20:42.028,0
2012-12-17 14:53:18.641,0
2012-12-17 20:57:58.203,1
2012-12-18 15:40:38.853,1
2012-12-18 17:50:44.194,0
2012-12-19 19:17:53.302,0
2012-12-20 06:11:50.920,1
2012-12-20 18:54:28.296,1
2012-12-21 01:03:07.040,0
2012-12-21 01:20:24.889,0
2012-12-21 15:14:55.461,0
2012-12-21 16:42:53.254,0
2012-12-21 20:36:31.182,1
2012-12-24 09:20:14.857,0
2012-12-26 16:29:36.630,0
2012-12-27 15:22:53.059,1
2012-12-27 20:08:25.237,1
2012-12-28 12:50:17.917,1
2012-12-28 20:39:44.396,0
2012-12-28 21:13:37.657,0
2012-12-31 15:02:55.152,0
2012-12-31 17:46:38.295,0
2012-12-31 19:49:52.935,0
2012-12-31 21:00:38.533,0
2013-01-02 11:00:30.002,1
2013-01-02 14:30:05.093,0
2013-01-02 20:55:09.744,0
2013-01-03 20:38:19.722,1
2013-01-04 20:09:44.176,0
2013-01-07 14:48:44.154,0
2013-01-08 15:42:57.901,0
2013-01-09 13:55:36.988,0
2013-01-10 13:48:06.099,0
2013-01-10 20:00:10.654,1
2013-01-14 15:00:17.679,1
2013-01-15 13:16:15.224,0
2013-01-15 20:15:05.140,1
2013-01-17 13:31:26.060,1
2013-01-17 19:23:35.798,0
2013-01-18 16:47:49.289,0
2013-01-18 20:57:03.779,0
2013-01-22 19:31:37.604,1
2013-01-24 14:44:25.054,1
2013-01-24 18:49:12.143,1
2013-01-25 11:10:58.234,0
2013-01-29 17:42:05.767,1
2013-01-30 20:36:04.109,0
2013-02-01 13:31:11.124,1
2013-02-01 18:52:52.581,0
2013-02-04 13:10:57.922,0
2013-02-04 18:53:11.273,0
2013-02-05 12:19:12.702,0
2013-02-05 18:33:59.073,0
2013-02-06 13:06:02.836,0
2013-02-07 10:31:51.210,0
2013-02-07 15:24:03.214,1
2013-02-07 20:56:53.240,0
2013-02-08 16:00:24.510,0
2013-02-13 14:33:15.646,0
2013-02-14 11:16:30.488,0
2013-02-14 19:23:38.796,1
2013-02-19 14:48:11.150,0
2013-02-20 19:02:24.488,1
2013-02-20 20:04:06.866,1
2013-02-21 08:37:06.975,0
2013-02-21 19:14:05.928,0
2013-02-22 03:02:27.644,0
2013-02-22 20:50:14.923,0
2013-02-25 11:49:34.424,0
2013-02-25 15:40:47.285,0
2013-02-25 16:59:33.333,1
2013-02-25 18:59:30.811,1
2013-02-25 20:40:51.450,1
2013-02-25 20:59:57.841,0
2013-02-26 14:08:42.369,0
2013-02-26 15:35:44.553,0
2013-02-26 18:03:33.276,0
2013-02-27 14:55:10.286,1
2013-02-27 16:54:56.925,0
2013-02-27 20:25:16.641,0
2013-02-28 19:10:13.745,0
2013-02-28 20:59:44.594,0
2013-03-01 12:32:45.071,0
2013-03-01 15:10:21.890,0
2013-03-01 16:03:15.740,0
2013-03-04 07:07:08.393,1
2013-03-04 16:29:12.936,1
2013-03-04 19:28:00.907,1
2013-03-05 13:02:11.080,1
2013-03-05 15:32:10.493,0
2013-03-08 13:40:22.998,0
2013-03-11 16:06:39.296,0
2013-03-14 08:17:01.276,1
2013-03-17 22:10:06.788,1
2013-03-18 09:16:59.544,0
2013-03-18 15:11:39.466,0
2013-03-19 15:52:56.662,1
2013-03-19 19:14:39.433,0
2013-03-20 08:50:45.963,1
2013-03-21 13:21:04.141,0
2013-03-21 18:02:06.484,0
2013-03-22 13:33:39.104,0
2013-03-25 00:23:19.587,0
2013-03-25 15:00:29.632,1
2013-03-25 17:09:41.658,0
2013-03-26 07:37:48.064,0
2013-03-27 12:23:39.076,1
2013-03-27 15:51:32.885,0
2013-03-28 14:56:31.369,0
2013-04-01 15:00:50.400,1
2013-04-02 10:52:36.105,0
2013-04-03 14:05:01.349,1
2013-04-03 17:39:02.471,0
2013-04-04 07:44:58.670,0
2013-04-04 14:03:18.306,0
2013-04-05 10:42:20.206,1
2013-04-05 12:32:16.679,0
2013-04-05 17:46:43.114,0
2013-04-08 11:47:06.637,1
2013-04-08 19:27:57.292,1
2013-04-09 17:17:45.180,1
2013-04-10 13:50:08.044,1
2013-04-10 15:40:20.999,1
2013-04-11 14:54:42.629,0
2013-04-12 09:21:36.734,0
2013-04-12 15:07:16.948,0
2013-04-15 13:49:26.538,1
2013-04-15 16:04:17.936,1
2013-04-15 18:02:38.311,1
2013-04-15 19:34:50.249,1
2013-04-15 20:33:47.091,0
2013-04-16 01:36:39.212,0
2013-04-16 12:32:01.138,0
2013-04-16 15:54:56.737,0
2013-04-17 07:50:12.597,0
2013-04-17 14:19:05.464,1
2013-04-17 15:00:19.774,0
2013-04-17 18:26:57.771,1
2013-04-18 13:56:13.663,0
2013-04-18 14:54:39.853,1
2013-04-18 15:52:24.576,0
2013-04-18 18:47:27.287,0
2013-04-19 02:27:15.493,0
2013-04-19 15:13:35.413,1
2013-04-22 03:12:57.579,0
2013-04-22 14:09:23.982,1
2013-04-22 16:10:35.905,1
2013-04-23 12:39:24.061,1
2013-04-23 14:31:50.198,0
2013-04-23 17:09:47.027,1
2013-04-23 17:12:49.725,0
2013-04-24 07:27:49.866,0
2013-04-25 12:42:42.672,0
2013-04-25 17:19:18.479,0
2013-04-26 04:35:31.896,0
2013-04-29 13:19:33.135,0
2013-04-29 16:41:46.332,0
2013-04-30 14:02:26.494,1
2013-04-30 16:57:39.637,1
2013-05-01 14:14:51.039,0
2013-05-01 19:43:50.010,0
2013-05-02 12:33:44.998,0
2013-05-02 15:13:01.340,1
2013-05-03 12:35:03.133,1
2013-05-03 14:23:02.863,0
2013-05-07 13:41:42.806,0
2013-05-08 13:58:06.022,1
2013-05-09 19:02:08.678,0
2013-05-10 08:01:21.103,1
2013-05-13 15:49:02.850,1
2013-05-14 14:00:03.488,1
2013-05-14 19:59:48.267,1
2013-05-15 15:40:45.749,1
2013-05-15 18:51:24.630,1
2013-05-16 19:38:05.305,1
2013-05-17 14:01:48.124,0
2013-05-17 19:28:46.701,0
2013-05-20 15:59:04.252,0
2013-05-21 17:08:27.359,1
2013-05-22 14:04:16.705,1
2013-05-22 14:38:29.967,1
2013-05-22 17:27:29.731,0
2013-05-22 18:07:45.668,1
2013-05-22 19:27:34.932,1
2013-05-23 06:07:13.179,1
2013-05-23 06:32:42.707,0
2013-05-23 11:07:05.589,0
2013-05-23 15:20:32.371,0
2013-05-24 11:05:26.523,0
2013-05-24 14:01:25.505,0
2013-05-24 17:18:27.078,0
2013-05-28 00:28:11.961,1
2013-05-28 13:16:49.653,0
2013-05-28 16:00:12.356,0
2013-05-28 18:38:44.182,0
2013-05-29 07:14:46.003,1
2013-05-29 14:50:50.357,0
2013-05-29 17:40:22.988,0
2013-05-30 11:09:46.220,0
2013-05-30 17:38:12.828,0
2013-05-31 07:29:34.096,0
2013-05-31 13:42:55.400,1
2013-05-31 18:31:59.749,1
2013-05-31 19:55:21.340,0
2013-06-03 11:21:46.318,1
2013-06-03 13:47:59.762,0
2013-06-03 14:22:25.690,1
2013-06-03 14:41:34.454,0
2013-06-03 18:46:30.508,1
2013-06-04 13:35:20.715,0
2013-06-04 16:17:29.299,0
2013-06-04 17:46:47.485,1
2013-06-04 19:33:47.722,1
2013-06-05 10:26:48.985,1
2013-06-05 14:51:54.031,1
2013-06-05 18:25:01.816,1
2013-06-06 13:25:36.268,1
2013-06-06 16:21:41.197,0
2013-06-06 17:51:30.015,0
2013-06-06 19:31:49.976,0
2013-06-07 12:30:28.450,1
2013-06-07 14:08:35.348,0
2013-06-07 19:53:57.735,0
2013-06-10 13:13:39.373,0
2013-06-11 09:17:30.164,1
2013-06-11 13:31:48.523,0
2013-06-11 14:47:39.413,0
2013-06-11 17:37:04.275,0
2013-06-12 09:40:36.455,1
2013-06-12 14:05:13.879,1
2013-06-12 15:47:53.298,1
2013-06-12 19:16:52.531,1
2013-06-13 01:53:12.964,0
2013-06-13 12:58:57.061,0
2013-06-13 14:51:49.056,0
2013-06-13 18:01:31.976,1
2013-06-13 19:42:54.104,0
2013-06-14 03:54:01.957,0
2013-06-14 14:58:41.063,0
2013-06-17 07:36:56.941,0
2013-06-17 15:05:22.031,0
2013-06-17 18:25:26.630,1
2013-06-18 08:57:50.776,1
2013-06-18 15:29:03.641,0
2013-06-19 18:08:10.021,0
2013-06-19 18:55:13.186,1
2013-06-19 19:50:56.118,1
2013-06-20 01:45:50.843,1
2013-06-20 13:15:02.495,1
2013-06-20 14:17:10.596,1
2013-06-20 18:21:29.745,1
2013-06-20 19:23:06.275,0
2013-06-21 04:02:12.106,1
2013-06-21 14:00:02.840,0
2013-06-21 14:36:36.463,0
2013-06-21 15:28:22.745,0
2013-06-21 17:00:42.541,0
2013-06-21 19:10:30.889,0
2013-06-23 22:57:18.673,0
2013-06-24 11:01:24.282,0
2013-06-24 13:37:28.368,0
2013-06-24 15:23:54.482,0
2013-06-24 17:14:21.951,0
2013-06-24 18:12:55.366,1
2013-06-24 19:46:56.604,1
2013-06-25 07:18:05.831,1
2013-06-25 18:40:35.638,1
2013-06-26 00:05:42.105,1
2013-06-26 09:13:31.846,1
2013-06-26 13:31:56.185,0
2013-06-26 19:00:46.994,1
2013-06-27 13:29:59.123,0
2013-06-28 13:16:16.249,1
2013-06-28 14:57:18.598,0
2013-06-28 19:59:55.056,0
2013-07-01 07:13:04.539,0
2013-07-01 13:33:24.922,0
2013-07-01 19:36:59.673,0
2013-07-02 14:23:17.395,1
2013-07-02 18:09:57.498,0
2013-07-03 07:20:46.001,0
2013-07-03 15:19:32.390,0
2013-07-04 12:40:32.370,0
2013-07-05 13:05:58.730,1
2013-07-05 14:16:52.347,1
2013-07-05 15:59:14.110,1
2013-07-08 00:36:28.523,1
2013-07-08 14:04:11.899,0
2013-07-09 08:06:11.743,0
2013-07-09 19:35:04.128,0
2013-07-10 21:04:05.067,1
2013-07-11 18:31:22.366,0
2013-07-15 15:37:26.041,0
2013-07-16 15:50:04.823,1
2013-07-17 14:25:57.352,0
2013-07-18 14:15:29.682,0
2013-07-19 01:28:43.047,1
2013-07-19 19:43:02.814,0
2013-07-24 14:03:36.993,1
2013-07-25 09:25:30.264,0
2013-07-25 16:46:54.941,1
2013-07-26 13:11:42.796,1
2013-07-26 17:28:12.096,0
2013-07-29 15:38:23.094,1
2013-07-30 12:00:39.437,0
2013-07-31 14:26:07.276,1
2013-07-31 18:55:24.792,0
2013-07-31 19:49:05.979,1
2013-08-01 09:49:47.492,0
2013-08-01 19:47:29.042,0
2013-08-06 14:25:25.948,1
2013-08-07 14:00:14.547,0
2013-08-08 01:21:04.371,1
2013-08-08 18:41:47.969,0
2013-08-09 15:06:54.127,0
2013-08-12 08:19:37.364,0
2013-08-12 14:02:24.026,0
2013-08-13 14:05:09.502,1
2013-08-13 17:14:55.045,1
2013-08-14 17:35:30.182,1
2013-08-15 10:59:48.046,1
2013-08-15 13:51:30.935,0
2013-08-16 13:30:13.671,0
2013-08-19 12:03:12.370,0
2013-08-19 19:32:18.928,0
2013-08-20 15:30:43.812,1
2013-08-21 10:58:33.178,1
2013-08-21 18:07:45.452,0
2013-08-21 18:33:43.260,1
2013-08-21 19:47:14.966,1
2013-08-22 08:05:31.423,1
2013-08-22 14:29:53.368,0
2013-08-23 13:20:07.568,0
2013-08-26 05:04:18.133,0
2013-08-26 19:20:47.831,0
2013-08-27 07:51:37.136,1
2013-08-27 12:48:21.365,1
2013-08-27 17:29:49.497,0
2013-08-28 15:56:26.710,0
2013-08-29 13:16:38.771,1
2013-08-29 14:14:16.339,0
2013-08-30 14:02:03.943,0
2013-09-02 00:56:12.458,0
2013-09-03 15:29:50.165,1
2013-09-04 13:50:31.435,0
2013-09-04 15:50:46.653,0
2013-09-06 12:32:31.957,0
2013-09-06 13:44:04.696,1
2013-09-06 14:04:06.190,0
2013-09-06 14:41:22.341,0
2013-09-06 17:49:20.981,0
2013-09-06 19:58:31.764,0
2013-09-09 13:54:57.991,1
2013-09-10 07:42:59.084,1
2013-09-11 15:39:08.829,0
2013-09-13 07:12:26.694,0
2013-09-15 22:04:13.012,1
2013-09-16 17:48:27.602,0
2013-09-17 20:14:48.761,1
2013-09-18 18:00:13.675,1
2013-09-18 18:23:04.259,1
2013-09-19 09:30:29.396,0
2013-09-19 17:15:00.537,1
2013-09-20 16:03:09.348,0
2013-09-23 13:08:59.748,0
2013-09-23 15:11:32.112,0
2013-09-24 16:48:43.062,0
2013-09-24 19:59:01.172,0
2013-09-26 14:05:03.771,1
2013-09-26 19:14:06.441,1
2013-09-27 14:00:42.933,1
2013-09-30 00:01:39.476,1
2013-09-30 14:45:07.207,1
2013-10-01 07:51:51.486,1
2013-10-01 14:58:40.259,0
2013-10-02 07:29:32.177,1
2013-10-02 16:57:38.938,1
2013-10-02 23:44:16.079,1
2013-10-03 14:25:55.658,1
2013-10-03 17:28:36.400,0
2013-10-04 14:17:03.920,0
2013-10-04 18:54:59.043,0
2013-10-07 07:05:28.560,0
2013-10-07 14:30:09.028,1
2013-10-07 20:03:05.977,1
2013-10-08 15:04:51.087,1
2013-10-08 18:21:26.124,1
2013-10-09 14:56:00.197,0
2013-10-09 17:22:19.730,0
2013-10-10 07:43:59.001,1
2013-10-10 13:35:09.747,1
2013-10-10 16:36:06.871,1
2013-10-10 19:14:35.604,0
2013-10-10 22:17:39.611,1
2013-10-11 03:24:27.920,0
2013-10-11 15:56:22.553,0
2013-10-13 22:17:38.475,1
2013-10-14 15:57:00.012,0
2013-10-14 19:09:59.222,0
2013-10-15 13:43:22.401,0
2013-10-15 18:35:20.383,0
2013-10-16 00:11:41.797,0
2013-10-16 13:55:34.771,0
2013-10-17 15:16:52.208,0
2013-10-17 23:18:21.165,1
2013-10-18 18:45:53.329,0
2013-10-22 13:35:30.808,1
2013-10-22 14:56:14.888,1
2013-10-23 08:04:14.750,1
2013-10-24 01:52:39.266,0
2013-10-25 14:01:42.636,0
2013-10-27 23:57:33.038,0
2013-10-29 16:21:05.616,1
2013-10-30 17:53:05.848,0
2013-10-30 18:19:07.788,0
2013-10-31 14:40:03.815,0
2013-10-31 18:17:29.350,1
2013-10-31 19:59:41.917,1
2013-11-01 15:17:20.477,0
2013-11-04 12:32:20.533,0
2013-11-05 15:01:00.238,1
2013-11-06 06:09:46.984,1
2013-11-07 12:53:35.281,0
2013-11-07 15:19:22.875,0
2013-11-07 18:54:48.243,1
2013-11-08 13:32:18.812,0
2013-11-08 14:47:01.810,0
2013-11-08 15:20:29.046,0
2013-11-08 20:41:23.247,0
2013-11-12 18:35:46.366,0
2013-11-13 13:31:21.124,0
2013-11-13 17:21:43.081,0
2013-11-13 20:47:45.709,1
2013-11-14 16:23:41.663,0
2013-11-15 21:00:18.427,0
2013-11-18 20:14:18.397,1
2013-11-19 19:10:18.745,0
2013-11-20 15:21:55.042,1
2013-11-20 19:12:48.031,1
2013-11-21 14:35:50.600,0
2013-11-22 13:12:55.427,1
2013-11-24 23:20:28.358,0
2013-11-29 14:37:52.638,0
2013-12-02 20:27:37.118,1
2013-12-03 16:48:31.216,0
2013-12-04 15:11:14.888,1
2013-12-04 18:18:11.900,1
2013-12-04 20:15:54.779,1
2013-12-05 19:14:21.761,0
2013-12-06 13:40:32.710,0
2013-12-09 01:48:02.834,0
2013-12-11 14:43:11.591,1
2013-12-11 16:54:52.947,1
2013-12-11 20:47:07.938,0
2013-12-12 17:22:50.381,0
2013-12-13 14:56:42.513,1
2013-12-16 03:13:13.067,0
2013-12-16 10:17:45.777,0
2013-12-16 14:50:12.739,0
2013-12-17 15:49:31.114,0
2013-12-18 18:17:55.589,0
2013-12-18 19:02:28.000,0
2013-12-18 19:07:31.631,0
2013-12-18 19:39:00.632,1
2013-12-18 20:39:26.560,0
2013-12-20 14:33:50.212,1
2013-12-23 05:54:22.341,0
2013-12-26 11:58:34.997,1
2013-12-31 16:16:16.494,0
2014-01-02 14:37:07.291,0
2014-01-03 06:53:35.910,0
2014-01-06 16:16:32.112,0
2014-01-07 14:43:37.542,0
2014-01-09 11:03:40.541,0
2014-01-09 15:52:44.597,1
2014-01-10 08:26:23.206,1
2014-01-10 15:06:05.009,1
2014-01-13 18:00:17.074,0
2014-01-13 20:03:15.750,0
2014-01-14 14:32:10.235,0
2014-01-14 16:18:10.260,1
2014-01-15 14:33:55.760,0
2014-01-17 14:55:25.539,0
2014-01-21 14:03:15.645,1
2014-01-21 16:11:13.424,1
2014-01-21 21:03:57.499,0
2014-01-23 11:50:04.062,0
2014-01-23 15:06:52.896,1
2014-01-24 10:59:49.472,1
2014-01-24 15:32:01.167,1
2014-01-24 19:15:00.846,1
2014-01-24 21:14:49.024,0
2014-01-27 08:04:52.623,1
2014-01-27 15:29:03.187,0
2014-01-27 17:17:58.251,0
2014-01-27 18:46:45.110,0
2014-01-27 20:59:58.078,1
2014-01-28 08:11:50.289,1
2014-01-28 22:04:15.865,0
2014-01-29 11:22:01.366,0
2014-01-29 13:40:11.899,0
2014-01-29 16:33:42.678,1
2014-01-29 19:17:25.742,0
2014-01-29 19:35:13.610,1
2014-01-29 20:15:09.174,0
2014-01-30 11:20:27.115,1
2014-01-30 16:40:11.483,0
2014-01-30 21:09:40.541,0
2014-01-31 10:15:03.135,1
2014-01-31 16:07:30.397,0
2014-01-31 19:45:26.818,0
2014-01-31 20:47:20.734,0
2014-02-03 14:49:16.769,1
2014-02-03 15:18:58.637,1
2014-02-03 16:16:06.118,1
2014-02-03 18:25:32.400,0
2014-02-04 13:46:00.900,0
2014-02-04 16:45:21.457,0
2014-02-05 03:22:45.130,0
2014-02-05 14:41:19.180,0
2014-02-05 15:22:57.008,0
2014-02-05 16:45:50.570,0
2014-02-06 14:34:38.317,1
2014-02-06 15:46:59.364,1
2014-02-07 07:09:21.522,1
2014-02-07 13:30:01.068,0
2014-02-07 13:30:41.514,1
2014-02-07 13:48:52.901,1
2014-02-07 14:41:59.588,1
2014-02-07 18:01:07.797,1
2014-02-10 19:44:49.219,1
2014-02-11 10:10:01.416,1
2014-02-11 16:19:51.767,1
2014-02-11 20:03:47.944,0
2014-02-13 05:16:36.065,0
2014-02-13 15:17:07.396,0
2014-02-13 18:34:03.951,1
2014-02-14 15:33:04.768,0
2014-02-19 15:10:40.854,1
2014-02-19 17:25:25.000,0
2014-02-19 20:49:29.604,1
2014-02-20 13:59:29.834,0
2014-02-20 17:16:38.237,1
2014-02-24 02:40:05.021,0
2014-02-24 14:37:02.681,0
2014-02-24 16:34:49.348,0
2014-02-24 20:59:58.791,0
2014-02-25 16:16:00.481,0
2014-02-26 07:04:05.812,0
2014-02-26 14:55:03.107,1
2014-02-27 10:05:56.759,0
2014-02-27 14:38:31.912,0
2014-02-27 18:29:28.615,1
2014-02-28 15:00:53.967,0
2014-02-28 19:55:28.647,0
2014-02-28 20:57:44.516,1
2014-03-02 23:15:09.622,0
2014-03-03 14:39:39.461,0
2014-03-03 16:53:03.195,0
2014-03-03 19:46:27.776,0
2014-03-04 06:23:57.000,1
2014-03-04 14:33:06.827,0
2014-03-04 20:23:56.141,0
2014-03-06 14:55:00.447,0
2014-03-07 13:45:27.139,0
2014-03-07 14:50:36.379,1
2014-03-10 14:36:56.005,0
2014-03-11 12:47:00.238,1
2014-03-11 16:21:57.205,0
2014-03-12 10:06:15.787,0
2014-03-12 15:25:07.806,0
2014-03-13 15:30:17.192,0
2014-03-13 17:01:14.677,1
2014-03-14 08:00:34.383,0
2014-03-14 19:52:36.336,0
2014-03-17 08:54:06.731,0
2014-03-17 13:58:00.689,0
2014-03-18 13:49:36.034,0
2014-03-19 19:06:26.688,1
2014-03-19 19:46:40.855,0
2014-03-20 14:16:31.934,0
2014-03-20 18:22:53.875,1
2014-03-21 13:28:12.567,0
2014-03-21 17:29:03.635,0
2014-03-24 14:05:11.062,1
2014-03-24 16:45:12.976,0
2014-03-24 19:33:18.886,0
2014-03-25 13:31:50.849,0
2014-03-25 14:59:12.072,1
2014-03-25 18:11:20.233,1
2014-03-26 17:28:05.684,0
2014-03-26 19:59:53.033,1
2014-03-27 13:40:22.055,0
2014-03-27 14:11:37.390,0
2014-03-27 15:55:35.650,0
2014-03-28 09:58:32.680,1
2014-03-28 14:01:08.191,0
2014-03-28 18:20:41.799,0
2014-03-30 22:52:07.521,0
2014-03-31 16:30:48.592,1
2014-04-01 13:56:10.705,1
2014-04-02 14:33:26.391,0
2014-04-04 12:31:59.935,1
2014-04-04 15:20:14.802,0
2014-04-04 16:08:55.211,1
2014-04-04 18:35:22.334,0
2014-04-07 13:42:20.724,1
2014-04-07 15:51:18.037,1
2014-04-08 14:24:41.210,0
2014-04-08 15:08:25.360,0
2014-04-09 14:32:34.909,1
2014-04-09 18:06:50.071,0
2014-04-10 15:00:16.409,0
2014-04-10 16:11:48.842,1
2014-04-10 18:55:51.940,1
2014-04-11 11:24:43.484,0
2014-04-11 14:54:23.971,1
2014-04-11 17:07:55.560,0
2014-04-13 22:00:00.109,0
2014-04-14 12:08:45.865,0
2014-04-14 19:06:15.603,1
2014-04-14 19:54:42.217,1
2014-04-15 13:40:41.952,1
2014-04-15 14:26:34.891,1
2014-04-15 16:01:07.730,0
2014-04-15 17:59:45.093,0
2014-04-15 19:19:24.358,0
2014-04-16 06:04:30.139,0
2014-04-16 19:44:39.626,0
2014-04-17 17:14:57.561,0
2014-04-22 13:50:34.893,1
2014-04-24 08:11:17.227,1
2014-04-24 13:46:36.984,1
2014-04-24 15:37:46.240,1
2014-04-25 13:38:07.437,1
2014-04-25 18:31:02.467,0
2014-04-28 09:07:57.643,1
2014-04-28 14:35:42.294,0
2014-04-28 15:55:08.264,1
2014-04-28 17:15:53.481,1
2014-04-28 18:49:08.424,0
2014-04-29 07:25:26.477,0
2014-04-30 18:50:11.040,0
2014-05-02 14:08:37.339,0
2014-05-02 18:05:10.731,0
2014-05-05 13:35:08.360,0
2014-05-05 14:45:00.786,1
2014-05-06 17:31:27.472,1
2014-05-07 14:11:24.273,0
2014-05-07 15:42:09.812,0
2014-05-07 20:02:20.830,1
2014-05-08 14:04:15.962,0
2014-05-08 18:12:33.614,0
2014-05-09 19:59:59.071,0
2014-05-12 13:42:19.474,1
2014-05-13 14:32:12.573,0
2014-05-14 19:00:28.998,1
2014-05-15 13:41:20.497,1
2014-05-15 14:15:12.890,0
2014-05-16 18:59:21.395,0
2014-05-19 14:21:33.388,0
2014-05-20 16:15:08.531,0
2014-05-21 13:34:04.068,0
2014-05-22 07:09:01.125,0
2014-05-23 14:36:19.798,0
2014-05-27 14:19:00.845,0
2014-05-29 19:05:26.734,1
2014-06-04 15:29:59.038,1
2014-06-05 15:47:10.894,1
2014-06-06 14:04:16.572,0
2014-06-11 11:10:34.063,0
2014-06-12 14:49:46.064,1
2014-06-12 19:42:26.244,1
2014-06-16 14:04:11.717,1
2014-06-17 17:45:49.293,0
2014-06-18 19:06:20.709,1
2014-06-20 13:26:08.731,0
2014-06-24 19:00:01.864,0
2014-06-25 18:21:03.702,0
2014-06-26 13:49:44.684,1
2014-06-26 19:07:05.788,0
2014-06-30 14:02:52.014,1
2014-07-01 14:06:02.021,1
2014-07-03 13:08:57.748,0
2014-07-08 13:10:12.265,1
2014-07-08 15:28:33.554,0
2014-07-09 13:35:34.752,0
2014-07-10 09:49:10.657,1
2014-07-10 16:26:06.155,0
2014-07-14 07:25:21.952,1
2014-07-15 14:50:13.997,0
2014-07-16 08:19:03.726,0
2014-07-17 10:56:23.971,1
2014-07-17 14:02:32.014,1
2014-07-17 15:30:18.439,1
2014-07-17 19:16:43.974,1
2014-07-17 23:00:23.713,0
2014-07-18 07:49:10.570,0
2014-07-18 15:36:46.235,0
2014-07-21 14:40:30.842,0
2014-07-22 11:04:45.432,1
2014-07-24 11:07:57.553,0
2014-07-25 15:00:31.839,0
2014-07-28 14:21:25.351,0
2014-07-28 17:33:50.916,1
2014-07-29 19:43:08.835,1
2014-07-30 14:47:19.052,1
2014-07-30 18:13:49.989,1
2014-07-31 08:09:52.804,1
2014-07-31 14:32:08.627,1
2014-07-31 18:49:57.891,1
2014-08-01 08:28:51.225,0
2014-08-01 12:51:16.293,1
2014-08-01 14:03:40.824,1
2014-08-01 15:05:46.848,0
2014-08-01 18:17:56.009,1
2014-08-04 18:22:34.177,1
2014-08-05 12:11:51.724,0
2014-08-05 17:40:11.947,1
2014-08-06 12:52:54.954,0
2014-08-06 14:29:50.302,0
2014-08-07 15:08:45.784,0
2014-08-07 19:17:14.377,1
2014-08-08 02:30:35.685,0
2014-08-08 11:13:28.925,0
2014-08-08 15:30:35.497,1
2014-08-08 17:42:46.777,0
2014-08-11 12:42:52.331,0
2014-08-12 13:09:16.545,1
2014-08-13 06:58:44.021,0
2014-08-14 10:26:26.941,1
2014-08-15 09:24:34.360,0
2014-08-15 14:53:32.263,0
2014-08-15 15:56:27.587,0
2014-08-15 18:27:20.946,0
2014-08-18 07:25:54.108,0
2014-08-19 07:17:54.544,0
2014-08-20 17:29:55.459,1
2014-08-21 14:43:18.553,0
2014-08-25 07:04:57.759,0
2014-08-28 10:13:43.235,0
2014-08-29 07:40:37.561,0
2014-09-02 06:34:16.588,0
2014-09-02 17:37:04.623,0
2014-09-03 08:06:31.942,1
2014-09-03 16:02:15.206,1
2014-09-04 14:13:25.880,1
2014-09-04 18:48:59.684,0
2014-09-05 16:45:36.557,0
2014-09-08 17:46:59.199,1
2014-09-09 14:21:16.341,1
2014-09-09 19:10:13.173,0
2014-09-10 17:09:07.744,1
2014-09-12 13:41:52.897,0
2014-09-15 00:08:47.097,0
2014-09-16 15:30:52.833,1
2014-09-17 13:38:04.693,0
2014-09-17 18:13:45.338,0
2014-09-18 19:53:03.585,1
2014-09-19 16:54:02.289,1
2014-09-22 03:05:17.343,1
2014-09-22 14:55:15.033,1
2014-09-23 18:20:20.043,1
2014-09-24 15:24:14.779,1
2014-09-25 13:48:39.230,0
2014-09-25 14:42:14.839,1
2014-09-26 18:07:35.879,0
2014-09-29 10:54:15.229,0
2014-09-29 14:45:13.519,0
2014-09-30 10:07:31.046,0
2014-09-30 14:00:58.412,1
2014-09-30 14:46:35.994,0
2014-09-30 17:35:31.345,0
2014-10-01 13:36:10.483,1
2014-10-01 16:47:41.557,1
2014-10-01 19:09:50.262,1
2014-10-02 14:51:24.735,1
2014-10-02 15:44:09.145,0
2014-10-02 16:57:49.284,0
2014-10-02 18:14:41.853,0
2014-10-03 12:32:16.239,0
2014-10-03 14:04:51.755,0
2014-10-06 06:18:13.992,0
2014-10-06 15:44:16.474,0
2014-10-07 08:49:38.869,1
2014-10-07 13:45:58.242,1
2014-10-07 18:33:29.925,1
2014-10-07 20:00:45.791,0
2014-10-08 14:45:08.135,0
2014-10-08 16:02:08.319,0
2014-10-08 18:01:36.894,0
2014-10-08 18:25:40.652,1
2014-10-08 19:44:29.505,0
2014-10-09 11:55:44.498,0
2014-10-09 14:35:51.243,1
2014-10-09 15:47:40.823,1
2014-10-09 17:10:08.573,1
2014-10-09 18:21:15.968,0
2014-10-09 21:14:06.255,1
2014-10-10 10:22:55.023,0
2014-10-10 13:38:23.177,1
2014-10-10 14:06:16.038,1
2014-10-10 16:04:50.827,1
2014-10-10 17:27:34.497,0
2014-10-10 19:18:24.948,0
2014-10-12 22:00:04.964,1
2014-10-13 08:50:47.307,1
2014-10-13 13:55:42.992,1
2014-10-13 14:30:40.716,1
2014-10-13 15:04:20.997,1
2014-10-13 16:35:41.518,1
2014-10-13 18:43:38.605,0
2014-10-13 19:32:42.420,1
2014-10-13 20:12:42.254,0
2014-10-14 02:31:54.341,0
2014-10-14 09:51:01.696,0
2014-10-14 12:14:57.292,1
2014-10-14 13:58:28.043,0
2014-10-14 14:53:31.987,1
2014-10-14 16:10:16.308,0
2014-10-14 17:44:14.754,0
2014-10-14 19:10:40.391,1
2014-10-14 23:19:25.320,1
2014-10-15 07:59:55.290,1
2014-10-15 12:04:03.537,1
2014-10-15 12:49:11.341,1
2014-10-15 13:39:13.203,1
2014-10-15 13:47:50.957,1
2014-10-15 14:02:18.686,1
2014-10-15 14:44:41.849,1
2014-10-15 15:35:39.154,1
2014-10-15 16:42:28.179,1
2014-10-15 17:20:28.712,0
2014-10-15 17:48:27.413,0
2014-10-15 18:17:17.665,1
2014-10-15 18:54:58.899,1
2014-10-15 19:31:12.423,0
2014-10-15 20:12:06.711,1
2014-10-16 07:19:13.548,0
2014-10-16 09:14:24.431,1
2014-10-16 09:47:42.852,1
2014-10-16 11:05:52.007,1
2014-10-16 12:03:09.484,0
2014-10-16 13:17:53.406,0
2014-10-16 13:37:31.176,0
2014-10-16 14:18:00.956,0
2014-10-16 14:22:36.490,0
2014-10-16 14:25:30.728,0
2014-10-16 14:48:38.131,1
2014-10-16 15:30:58.567,1
2014-10-16 15:55:09.418,1
2014-10-16 17:04:14.169,0
2014-10-16 18:22:55.565,1
2014-10-16 20:02:27.830,1
2014-10-17 07:47:01.242,1
2014-10-17 11:44:53.159,0
2014-10-17 14:28:14.770,0
2014-10-17 17:14:03.075,0
2014-10-17 19:47:32.092,0
2014-10-19 22:32:28.574,1
2014-10-20 11:16:09.576,0
2014-10-20 13:41:28.041,0
2014-10-20 17:29:08.810,1
2014-10-20 21:13:59.201,1
2014-10-21 06:49:06.062,1
2014-10-21 08:39:41.989,1
2014-10-21 10:17:42.819,1
2014-10-21 14:31:10.347,1
2014-10-21 18:07:18.753,1
2014-10-22 12:57:50.054,0
2014-10-22 16:49:19.255,1
2014-10-22 19:49:55.407,0
2014-10-23 08:05:14.584,0
2014-10-23 14:03:55.638,1
2014-10-23 18:15:16.941,0
2014-10-23 19:56:43.271,1
2014-10-24 13:39:05.767,1
2014-10-24 15:41:12.613,0
2014-10-27 08:21:50.978,0
2014-10-27 13:05:36.826,1
2014-10-27 15:11:33.645,0
2014-10-28 08:18:22.201,1
2014-10-28 19:19:31.762,1
2014-10-29 17:41:31.799,1
2014-10-29 19:32:59.501,1
2014-10-30 09:48:06.964,0
2014-10-30 13:37:13.639,0
2014-10-30 15:46:21.705,1
2014-10-30 17:56:42.317,1
2014-10-30 19:28:30.864,1
2014-10-31 05:02:45.860,1
2014-11-03 14:04:58.220,0
2014-11-04 10:43:10.843,0
2014-11-04 16:10:39.615,0
2014-11-04 19:03:45.366,0
2014-11-05 12:46:28.395,0
2014-11-06 13:38:22.438,1
2014-11-06 15:16:09.118,1
2014-11-06 19:58:24.832,1
2014-11-10 16:39:46.299,0
2014-11-13 07:32:04.205,0
2014-11-13 18:30:30.558,1
2014-11-17 18:25:31.945,1
2014-11-18 18:08:55.875,0
2014-11-19 15:06:41.732,1
2014-11-20 14:21:29.670,0
2014-11-20 15:37:15.698,0
2014-11-21 10:33:34.541,0
2014-11-21 18:02:53.497,0
2014-11-24 14:36:52.071,0
2014-12-01 00:07:28.002,1
2014-12-02 15:59:02.640,1
2014-12-03 20:18:02.461,0
2014-12-04 15:49:55.039,1
2014-12-04 17:33:10.902,1
2014-12-08 17:33:29.567,1
2014-12-09 04:22:41.824,1
2014-12-09 13:29:57.261,0
2014-12-09 17:39:36.625,0
2014-12-10 15:04:52.550,0
2014-12-10 18:50:29.104,0
2014-12-11 14:32:40.959,1
2014-12-11 15:22:59.372,0
2014-12-11 19:35:27.320,0
2014-12-11 20:53:01.212,0
2014-12-11 23:00:53.800,1
2014-12-12 14:58:51.373,1
2014-12-12 15:57:21.854,1
2014-12-12 20:36:11.666,0
2014-12-12 21:14:59.738,0
2014-12-15 08:27:29.230,1
2014-12-15 15:26:30.642,1
2014-12-15 16:26:00.188,0
2014-12-15 17:27:15.967,1
2014-12-15 21:00:00.048,1
2014-12-16 11:58:36.616,1
2014-12-16 12:27:54.803,0
2014-12-16 14:48:30.819,0
2014-12-16 15:24:26.708,1
2014-12-16 16:19:03.029,0
2014-12-16 16:28:55.536,0
2014-12-16 17:51:41.035,0
2014-12-16 18:21:05.280,0
2014-12-16 20:29:50.203,0
2014-12-16 20:59:36.889,0
2014-12-17 14:42:52.800,0
2014-12-17 16:39:38.999,1
2014-12-17 19:00:49.112,1
2014-12-17 19:42:37.339,1
2014-12-17 20:31:15.819,1
2014-12-18 07:55:40.630,1
2014-12-18 10:21:29.941,1
2014-12-18 17:51:24.816,1
2014-12-18 20:54:21.990,1
2014-12-19 06:58:25.441,0
2014-12-19 19:49:51.818,0
2014-12-23 14:00:22.032,0
2014-12-30 18:54:03.991,0
2014-12-31 19:17:14.887,1
2015-01-02 07:07:35.156,1
2015-01-02 15:39:14.826,0
2015-01-02 20:47:02.488,1
2015-01-04 23:20:12.567,1
2015-01-05 14:49:36.175,1
2015-01-05 16:21:16.062,1
2015-01-05 19:53:07.211,1
2015-01-06 15:22:16.841,0
2015-01-06 15:57:59.243,0
2015-01-06 16:40:02.336,1
2015-01-06 19:42:28.990,0
2015-01-06 21:01:44.839,0
2015-01-07 10:55:23.194,1
2015-01-07 16:59:48.815,1
2015-01-08 01:48:57.964,1
2015-01-08 15:00:21.581,0
2015-01-08 19:39:36.101,0
2015-01-09 14:57:41.810,0
2015-01-09 15:32:41.582,0
2015-01-09 17:13:19.851,0
2015-01-12 14:36:34.243,0
2015-01-12 14:56:49.380,0
2015-01-13 11:18:53.598,0
2015-01-13 14:34:08.581,0
2015-01-13 17:24:24.880,0
2015-01-13 18:27:57.706,0
2015-01-13 18:53:58.129,1
2015-01-13 20:33:27.192,1
2015-01-14 07:26:01.109,1
2015-01-14 13:30:15.092,1
2015-01-14 14:35:57.519,0
2015-01-14 16:33:14.863,0
2015-01-14 18:42:38.492,0
2015-01-14 19:19:29.889,0
2015-01-14 21:07:04.988,0
2015-01-15 07:42:26.556,0
2015-01-15 09:51:16.735,1
2015-01-15 12:18:14.320,0
2015-01-15 13:45:55.324,0
2015-01-15 14:39:34.621,0
2015-01-15 15:30:26.622,0
2015-01-15 16:19:23.249,1
2015-01-16 00:15:15.421,0
2015-01-16 08:20:50.259,0
2015-01-16 09:44:39.752,0
2015-01-16 13:49:01.879,0
2015-01-16 15:55:58.809,1
2015-01-16 20:39:35.925,0
2015-01-19 09:36:49.301,0
2015-01-20 07:55:51.291,0
2015-01-20 14:49:34.829,1
2015-01-20 16:49:57.268,0
2015-01-20 19:32:08.969,0
2015-01-21 14:41:26.259,1
2015-01-21 15:50:03.254,1
2015-01-21 18:30:18.134,1
2015-01-22 01:52:41.538,1
2015-01-22 13:42:25.117,0
2015-01-22 14:35:27.888,1
2015-01-22 15:21:22.789,1
2015-01-22 19:30:35.033,1
2015-01-23 08:39:05.439,0
2015-01-23 15:41:37.973,0
2015-01-25 23:01:40.873,0
2015-01-26 13:34:37.317,1
2015-01-26 18:49:15.894,1
2015-01-27 12:54:09.943,0
2015-01-27 14:31:24.533,1
2015-01-27 15:47:13.110,0
2015-01-27 17:32:47.249,0
2015-01-28 05:41:24.067,0
2015-01-28 10:25:10.203,0
2015-01-28 15:39:24.352,0
2015-01-28 19:28:53.075,1
2015-01-28 20:27:04.561,1
2015-01-28 21:05:00.589,0
2015-01-29 14:46:04.745,0
2015-01-29 15:41:28.570,0
2015-01-29 16:54:34.482,0
2015-01-29 18:48:52.797,1
2015-01-29 20:24:32.444,0
2015-01-30 10:09:09.112,0
2015-01-30 14:48:27.262,0
2015-01-30 15:34:17.075,0
2015-01-30 17:20:52.491,1
2015-01-30 19:25:14.859,1
2015-01-30 19:53:04.693,0
2015-01-30 20:43:58.140,0
2015-02-02 15:01:37.258,0
2015-02-02 16:06:30.915,0
2015-02-02 17:58:41.911,1
2015-02-02 20:21:56.735,1
2015-02-02 20:42:09.140,1
2015-02-03 14:22:56.399,1
2015-02-03 18:56:59.713,0
2015-02-04 20:29:57.954,0
2015-02-04 20:45:16.317,1
2015-02-05 02:30:08.469,0
2015-02-05 10:34:37.712,0
2015-02-05 15:43:28.683,1
2015-02-06 13:44:47.643,0
2015-02-06 18:27:20.512,0
2015-02-06 20:21:17.898,0
2015-02-09 20:07:27.107,0
2015-02-10 12:20:18.525,1
2015-02-10 19:29:28.236,0
2015-02-11 20:26:03.302,1
2015-02-11 21:46:33.624,0
2015-02-12 01:30:18.120,1
2015-02-12 10:14:21.775,1
2015-02-13 08:00:03.076,1
2015-02-17 18:10:00.924,0
2015-02-20 14:40:40.813,0
2015-02-20 17:36:25.640,0
2015-02-20 20:11:06.436,0
2015-02-24 16:22:43.728,0
2015-02-26 15:00:01.966,0
2015-03-02 20:39:55.559,0
2015-03-03 16:08:38.832,1
2015-03-04 14:38:03.859,1
2015-03-04 17:44:03.751,0
2015-03-06 14:30:00.058,1
2015-03-06 16:23:02.659,1
2015-03-06 20:36:14.827,0
2015-03-09 17:31:14.269,0
2015-03-10 10:04:58.840,0
2015-03-10 14:36:17.599,0
2015-03-10 16:33:47.668,0
2015-03-10 20:12:57.061,0
2015-03-11 19:40:52.689,0
2015-03-12 13:35:10.934,0
2015-03-12 19:03:47.269,0
2015-03-13 12:40:16.212,0
2015-03-13 14:59:17.420,0
2015-03-13 19:58:11.154,0
2015-03-16 13:19:25.282,0
2015-03-16 15:30:00.049,0
2015-03-17 13:52:07.217,0
2015-03-18 16:23:40.517,0
2015-03-18 18:01:07.682,0
2015-03-18 18:15:10.667,1
2015-03-18 19:15:48.499,0
2015-03-19 09:04:08.329,0
2015-03-20 11:49:20.278,0
2015-03-20 16:57:36.222,0
2015-03-24 13:42:15.064,1
2015-03-24 18:29:57.715,1
2015-03-25 15:24:24.707,1
2015-03-25 16:24:45.955,1
2015-03-25 19:54:09.972,1
2015-03-26 08:07:22.669,0
2015-03-26 13:47:22.352,0
2015-03-26 14:16:41.561,0
2015-03-26 15:45:52.009,0
2015-03-27 09:52:49.951,1
2015-03-27 19:38:49.614,0
2015-03-30 09:29:52.030,1
2015-03-30 16:15:11.317,0
2015-03-31 09:54:24.828,0
2015-03-31 19:15:34.897,1
2015-04-01 00:55:06.883,0
2015-04-01 09:03:13.323,0
2015-04-01 13:43:26.224,0
2015-04-01 15:10:13.933,0
2015-04-02 13:51:48.695,0
2015-04-03 12:39:29.154,0
2015-04-06 13:41:20.325,1
2015-04-06 14:30:49.137,0
2015-04-07 19:55:09.838,0
2015-04-08 18:10:06.563,0
2015-04-09 13:34:17.101,1
2015-04-09 19:13:07.961,1
2015-04-10 20:06:48.666,0
2015-04-13 19:22:59.878,0
2015-04-14 14:05:09.088,0
2015-04-14 16:34:43.784,0
2015-04-15 13:50:00.902,0
2015-04-16 11:28:12.843,1
2015-04-16 17:51:55.266,1
2015-04-17 10:16:01.091,0
2015-04-17 13:45:13.641,1
2015-04-17 18:15:49.414,0
2015-04-20 00:23:53.122,0
2015-04-20 13:47:01.742,0
2015-04-21 08:06:11.333,0
2015-04-21 15:50:21.846,0
2015-04-22 08:07:24.331,0
2015-04-22 13:06:36.544,0
2015-04-22 17:48:19.417,1
2015-04-23 07:36:08.132,1
2015-04-23 14:01:48.425,1
2015-04-23 16:37:49.972,0
2015-04-27 11:15:46.650,0
2015-04-27 16:53:02.989,0
2015-04-28 14:07:49.476,0
2015-04-28 15:02:02.685,0
2015-04-29 13:12:16.295,1
2015-04-29 16:17:28.701,1
2015-04-29 18:38:11.114,1
2015-04-30 08:08:42.752,0
2015-04-30 14:05:05.645,1
2015-04-30 18:30:35.040,1
2015-05-01 11:42:02.809,0
2015-05-01 17:52:27.202,0
2015-05-04 13:35:28.987,0
2015-05-05 13:55:27.743,0
2015-05-05 17:20:17.560,1
2015-05-06 13:43:37.884,1
2015-05-06 17:36:05.070,1
2015-05-07 05:28:44.759,1
2015-05-07 09:16:05.280,0
2015-05-07 12:19:28.295,0
2015-05-07 15:28:25.600,1
2015-05-08 12:30:44.347,0
2015-05-08 15:33:56.265,0
2015-05-11 20:00:00.074,1
2015-05-12 09:06:15.006,0
2015-05-12 14:41:49.319,0
2015-05-13 08:05:53.297,0
2015-05-13 15:30:44.061,1
2015-05-14 11:53:33.205,0
2015-05-14 18:20:38.538,0
2015-05-18 18:06:55.763,1
2015-05-20 13:40:54.673,0
2015-05-21 02:00:40.646,1
2015-05-21 15:30:26.267,1
2015-05-26 07:31:17.702,1
2015-05-26 14:10:22.091,1
2015-05-27 13:49:54.528,0
2015-05-27 19:17:28.353,0
2015-05-29 14:42:29.156,0
2015-06-01 14:17:39.994,1
2015-06-01 17:10:03.275,1
2015-06-02 08:41:57.976,1
2015-06-02 16:05:47.001,1
2015-06-03 11:50:29.499,0
2015-06-04 08:02:26.683,1
2015-06-04 15:45:07.634,1
2015-06-05 12:30:58.995,0
2015-06-05 14:25:34.241,1
2015-06-08 14:01:32.975,1
2015-06-09 09:18:53.627,0
2015-06-09 17:12:31.453,1
2015-06-10 13:36:41.618,1
2015-06-10 15:13:43.498,0
2015-06-12 06:01:02.426,0
2015-06-12 14:37:39.946,0
2015-06-14 22:37:11.327,0
2015-06-15 13:31:35.521,0
2015-06-15 15:10:41.694,1
2015-06-16 10:28:49.999,0
2015-06-16 13:36:05.377,1
2015-06-16 19:38:57.821,0
2015-06-17 16:59:05.335,1
2015-06-17 18:03:09.061,1
2015-06-18 05:45:07.462,1
2015-06-18 12:31:33.037,1
2015-06-18 14:48:40.932,1
2015-06-19 18:22:35.992,0
2015-06-22 07:08:27.574,0
2015-06-24 16:02:10.193,1
2015-06-25 08:26:16.845,1
2015-06-25 13:42:07.666,0
2015-06-25 18:28:25.591,1
2015-06-26 17:23:48.718,1
2015-06-28 22:00:00.390,1
2015-06-29 07:09:41.455,1
2015-06-29 15:34:51.514,1
2015-06-29 18:24:48.355,1
2015-06-29 19:59:20.822,0
2015-06-30 09:37:47.701,1
2015-06-30 14:48:39.800,1
2015-06-30 17:53:02.577,1
2015-06-30 19:59:59.577,1
2015-07-01 07:20:00.258,1
2015-07-01 09:12:03.052,0
2015-07-01 16:56:52.706,1
2015-07-02 12:39:28.182,1
2015-07-02 16:25:09.922,0
2015-07-05 22:06:35.981,0
2015-07-06 07:06:26.063,0
2015-07-06 14:30:51.035,1
2015-07-06 17:40:51.627,1
2015-07-06 22:43:07.984,1
2015-07-07 13:30:13.554,0
2015-07-07 14:08:06.405,1
2015-07-07 15:31:40.063,0
2015-07-07 16:37:16.282,0
2015-07-07 18:41:51.752,0
2015-07-08 01:34:50.924,0
2015-07-08 11:12:45.720,0
2015-07-08 14:04:11.336,0
2015-07-08 15:57:31.984,0
2015-07-08 18:49:41.087,0
2015-07-09 04:52:15.769,0
2015-07-09 13:28:26.547,0
2015-07-09 16:07:12.292,1
2015-07-09 20:02:56.314,0
2015-07-09 22:31:11.674,0
2015-07-10 11:13:28.906,0
2015-07-10 18:44:08.195,0
2015-07-12 22:32:56.466,1
2015-07-13 06:56:43.861,1
2015-07-13 13:45:30.531,0
2015-07-14 14:50:50.539,0
2015-07-16 06:00:00.040,0
2015-07-20 17:43:11.815,0
2015-07-21 15:20:42.042,1
2015-07-23 15:41:11.630,0
2015-07-24 14:18:27.742,1
2015-07-24 17:37:00.580,1
2015-07-27 11:03:47.661,1
2015-07-28 03:49:07.159,1
2015-07-28 13:51:50.121,1
2015-07-28 15:40:19.539,1
2015-07-28 18:07:05.125,0
2015-07-29 15:21:37.775,0
2015-07-30 13:41:14.669,1
2015-07-30 19:07:15.510,0
2015-08-03 07:30:01.363,1
2015-08-03 16:53:50.905,0
2015-08-04 13:31:33.504,1
2015-08-04 18:18:56.362,1
2015-08-05 11:27:34.180,0
2015-08-05 16:34:07.104,0
2015-08-06 14:01:55.512,1
2015-08-06 15:40:15.834,0
2015-08-07 14:30:32.953,0
2015-08-10 03:50:48.375,0
